player_id,season,game_type,fgm,fga,pts,reb,ast,minutes,games_played,ppm,team_id,league_id,full_name,position_simple,status,jersey_number,team_full_name,division,conference
2.0,2022,,147,295,392,158,104,619.2483333,16,0.6330255229126185,12.0,,LeBron James,,,23.0,Los Angeles Lakers,Pacific,Western
2.0,2022,,609,1219,1590,457,375,1953.94,55,0.8137404423882002,12.0,,LeBron James,,,23.0,Los Angeles Lakers,Pacific,Western
3.0,2022,,3,3,8,1,0,6.05,2,1.322314049586777,11.0,,Robin Lopez,,,42.0,Milwaukee Bucks,Central,Eastern
3.0,2022,,48,75,112,51,19,298.4983333,37,0.3752114752595169,11.0,,Robin Lopez,,,42.0,Milwaukee Bucks,Central,Eastern
4.0,2022,,8,19,22,11,6,91.68333333,5,0.2399563715775297,21.0,,Nicolas Batum,,,40.0,Philadelphia 76ers,Atlantic,Eastern
4.0,2022,,160,381,478,299,121,1709.57,78,0.2796024731365197,21.0,,Nicolas Batum,,,40.0,Philadelphia 76ers,Atlantic,Eastern
5.0,2022,,0,4,0,0,1,2.5,1,0.0,28.0,,Derrick Rose,,,23.0,Memphis Grizzlies,Southwest,Western
5.0,2022,,61,159,152,40,46,337.865,27,0.449883829340121,28.0,,Derrick Rose,,,23.0,Memphis Grizzlies,Southwest,Western
7.0,2022,,28,62,82,31,14,343.0533333,20,0.2390298884759444,8.0,,Jeff Green,,,32.0,Houston Rockets,Southwest,Western
7.0,2022,,160,328,437,144,69,1091.116667,56,0.4005071256051118,8.0,,Jeff Green,,,32.0,Houston Rockets,Southwest,Western
9.0,2022,,69,160,206,53,21,491.8166667,45,0.4188552644671893,24.0,,Davis Bertans,,,9.0,Oklahoma City Thunder,Northwest,Western
12.0,2022,,459,1004,1332,342,288,1938.891667,56,0.6869904196663917,10.0,,Paul George,,,13.0,LA Clippers,Pacific,Western
17.0,2022,,192,470,561,283,108,2364.485,78,0.237260968033208,8.0,,Reggie Bullock,,,25.0,Houston Rockets,Southwest,Western
19.0,2022,,138,307,397,98,59,1184.351667,48,0.3352044929405245,17.0,,Gary Harris,,,14.0,Orlando Magic,Southeast,Eastern
20.0,2022,,10,29,26,12,0,68.47166667,3,0.3797191052075204,21.0,,Marcus Morris Sr.,,,5.0,Philadelphia 76ers,Atlantic,Eastern
20.0,2022,,274,643,728,258,114,1825.113333,65,0.3988793390728026,21.0,,Marcus Morris Sr.,,,5.0,Philadelphia 76ers,Atlantic,Eastern
25.0,2022,,340,847,1019,251,129,2152.233333,71,0.4734616755422215,2.0,,Tim Hardaway Jr.,,,10.0,Dallas Mavericks,Southwest,Western
27.0,2022,,349,679,837,234,341,1777.941667,60,0.4707691008852429,17.0,,Markelle Fultz,,,20.0,Orlando Magic,Southeast,Eastern
28.0,2022,,24,44,69,13,12,80.38,2,0.858422493157502,10.0,,Kawhi Leonard,,,2.0,LA Clippers,Pacific,Western
28.0,2022,,446,871,1239,338,204,1747.488333,52,0.7090176092179953,10.0,,Kawhi Leonard,,,2.0,LA Clippers,Pacific,Western
29.0,2022,,200,459,652,158,114,1122.443333,51,0.5808756494257693,27.0,,Alec Burks,,,14.0,Detroit Pistons,Central,Eastern
30.0,2022,,23,38,50,50,3,151.1733333,6,0.3307461634174339,1.0,,Clint Capela,,,15.0,Atlanta Hawks,Southeast,Eastern
30.0,2022,,350,536,779,717,58,1730.083333,65,0.4502673282501357,1.0,,Clint Capela,,,15.0,Atlanta Hawks,Southeast,Eastern
34.0,2022,,43,105,118,38,37,192.2966667,5,0.6136351816440508,10.0,,Russell Westbrook,,,0.0,LA Clippers,Pacific,Western
34.0,2022,,432,991,1159,423,551,2125.826667,73,0.5451996712580519,10.0,,Russell Westbrook,,,0.0,LA Clippers,Pacific,Western
35.0,2022,,22,53,55,44,6,124.035,11,0.4434232273148708,17.0,,Jonathan Isaac,,,1.0,Orlando Magic,Southeast,Eastern
36.0,2022,,1,2,3,2,2,18.06666667,6,0.1660516604859683,4.0,,Reggie Jackson,,,7.0,Denver Nuggets,Northwest,Western
36.0,2022,,263,640,693,144,233,1656.853333,68,0.4182627310440398,4.0,,Reggie Jackson,,,7.0,Denver Nuggets,Northwest,Western
37.0,2022,,56,166,165,49,36,458.6933333,27,0.3597174583134496,15.0,,Evan Fournier,,,13.0,New York Knicks,Atlantic,Eastern
38.0,2022,,30,54,80,18,15,156.7183333,6,0.5104699515075815,1.0,,Bogdan Bogdanovic,,,13.0,Atlanta Hawks,Southeast,Eastern
38.0,2022,,273,611,756,165,150,1508.608333,54,0.5011241045557714,1.0,,Bogdan Bogdanovic,,,13.0,Atlanta Hawks,Southeast,Eastern
41.0,2022,,22,51,66,13,26,159.3833333,4,0.4140959950672583,13.0,,Spencer Dinwiddie,,,26.0,Brooklyn Nets,Atlantic,Eastern
41.0,2022,,460,1050,1369,270,515,2725.335,79,0.502323567561419,13.0,,Spencer Dinwiddie,,,26.0,Brooklyn Nets,Atlantic,Eastern
43.0,2022,,0,2,0,3,1,10.19166667,3,0.0,21.0,,Mo Bamba,,,7.0,Philadelphia 76ers,Atlantic,Eastern
43.0,2022,,117,241,323,225,46,768.4283333,49,0.4203384831125148,21.0,,Mo Bamba,,,7.0,Philadelphia 76ers,Atlantic,Eastern
44.0,2022,,0,3,0,2,2,11.98333333,2,0.0,21.0,,Robert Covington,,,33.0,Philadelphia 76ers,Atlantic,Eastern
44.0,2022,,102,229,288,166,57,778.6416667,48,0.3698748889467823,21.0,,Robert Covington,,,33.0,Philadelphia 76ers,Atlantic,Eastern
46.0,2022,,138,291,369,180,194,1221.171667,50,0.3021688186612669,25.0,,Delon Wright,,,55.0,Washington Wizards,Southeast,Eastern
47.0,2022,,101,195,265,120,52,712.7516667,20,0.3717984992261541,4.0,,Aaron Gordon,,,50.0,Denver Nuggets,Northwest,Western
47.0,2022,,429,761,1109,446,203,2055.106667,68,0.5396313572467234,4.0,,Aaron Gordon,,,50.0,Denver Nuggets,Northwest,Western
48.0,2022,,20,35,46,48,7,174.23,21,0.2640188256901796,0.0,,Cody Zeller,,,40.0,New Orleans Pelicans,Southwest,Western
48.0,2022,,37,59,98,64,10,216.6116667,15,0.4524225379592631,0.0,,Cody Zeller,,,40.0,New Orleans Pelicans,Southwest,Western
49.0,2022,,197,269,506,314,69,1457.935,76,0.3470662272323526,2.0,,Dwight Powell,,,7.0,Dallas Mavericks,Southwest,Western
51.0,2022,,322,613,868,497,132,1689.54,57,0.5137493045444322,17.0,,Wendell Carter Jr.,,,34.0,Orlando Magic,Southeast,Eastern
53.0,2022,,55,147,166,83,36,329.6133333,10,0.5036204037562821,15.0,,Julius Randle,,,30.0,New York Knicks,Atlantic,Eastern
53.0,2022,,658,1432,1936,767,316,2737.251667,77,0.7072787728436517,15.0,,Julius Randle,,,30.0,New York Knicks,Atlantic,Eastern
55.0,2022,,227,414,600,269,190,788.8483333,20,0.7606024817090147,4.0,,Nikola Jokic,,,15.0,Denver Nuggets,Northwest,Western
55.0,2022,,646,1022,1690,817,678,2323.006667,69,0.7275054454245352,4.0,,Nikola Jokic,,,15.0,Denver Nuggets,Northwest,Western
57.0,2022,,41,60,102,60,9,171.065,31,0.5962645777920673,8.0,,Boban Marjanovic,,,51.0,Houston Rockets,Southwest,Western
59.0,2022,,198,396,600,259,84,1109.466667,57,0.5408003844066818,17.0,,Moritz Wagner,,,21.0,Orlando Magic,Southeast,Eastern
60.0,2022,,36,76,109,15,11,167.3366667,5,0.6513814464549748,10.0,,Norman Powell,,,24.0,LA Clippers,Pacific,Western
60.0,2022,,340,710,1019,175,109,1567.135,60,0.650231154303873,10.0,,Norman Powell,,,24.0,LA Clippers,Pacific,Western
61.0,2022,,9,37,26,15,23,172.3533333,20,0.1508528991124536,15.0,,Ryan Arcidiacono,,,51.0,New York Knicks,Atlantic,Eastern
62.0,2022,,26,60,68,26,5,164.1083333,6,0.4143604327252039,26.0,,John Collins,,,20.0,Utah Jazz,Northwest,Western
62.0,2022,,359,707,931,462,85,2129.646667,71,0.4371617200291188,26.0,,John Collins,,,20.0,Utah Jazz,Northwest,Western
63.0,2022,,194,410,522,113,142,798.53,20,0.653701175910736,4.0,,Jamal Murray,,,27.0,Denver Nuggets,Northwest,Western
63.0,2022,,473,1041,1298,257,400,2133.385,65,0.6084227647611659,4.0,,Jamal Murray,,,27.0,Denver Nuggets,Northwest,Western
66.0,2022,,132,254,361,225,41,607.7083333,16,0.5940349674648767,12.0,,Anthony Davis,,,3.0,Los Angeles Lakers,Pacific,Western
66.0,2022,,542,962,1451,702,148,1904.51,56,0.7618757580690046,12.0,,Anthony Davis,,,3.0,Los Angeles Lakers,Pacific,Western
67.0,2022,,261,478,634,405,69,1505.418333,70,0.4211453960020294,16.0,,Bol Bol,,,11.0,Phoenix Suns,Pacific,Western
68.0,2022,,17,30,46,48,3,129.7933333,5,0.3544095742858928,10.0,,Ivica Zubac,,,40.0,LA Clippers,Pacific,Western
68.0,2022,,326,514,818,756,77,2169.41,76,0.3770610442470534,10.0,,Ivica Zubac,,,40.0,LA Clippers,Pacific,Western
69.0,2022,,29,48,71,102,9,298.0433333,11,0.2382203930343709,15.0,,Mitchell Robinson,,,23.0,New York Knicks,Atlantic,Eastern
69.0,2022,,188,280,435,555,53,1588.828333,59,0.2737866583601515,15.0,,Mitchell Robinson,,,23.0,New York Knicks,Atlantic,Eastern
70.0,2022,,25,72,64,31,8,183.08,7,0.3495739567402228,20.0,,Kevin Huerter,,,9.0,Sacramento Kings,Pacific,Western
70.0,2022,,420,866,1140,251,221,2202.776667,75,0.5175286342362551,20.0,,Kevin Huerter,,,9.0,Sacramento Kings,Pacific,Western
73.0,2022,,9,23,25,18,3,100.5183333,4,0.2487108488496993,13.0,,Dorian Finney-Smith,,,28.0,Brooklyn Nets,Atlantic,Eastern
73.0,2022,,196,501,551,316,100,2008.825,66,0.2742896967132527,13.0,,Dorian Finney-Smith,,,28.0,Brooklyn Nets,Atlantic,Eastern
75.0,2022,,43,122,128,96,37,517.9866667,27,0.2471106077217489,17.0,,Chuma Okeke,,,3.0,Orlando Magic,Southeast,Eastern
76.0,2022,,12,23,36,20,7,106.6733333,5,0.3374789076737325,28.0,,Luke Kennard,,,10.0,Memphis Grizzlies,Southwest,Western
76.0,2022,,188,382,546,158,91,1315.085,59,0.415182288597315,28.0,,Luke Kennard,,,10.0,Memphis Grizzlies,Southwest,Western
77.0,2022,,71,164,212,49,31,377.415,11,0.5617158830465138,15.0,,RJ Barrett,,,9.0,New York Knicks,Atlantic,Eastern
77.0,2022,,510,1176,1431,368,201,2475.465,73,0.5780732104877265,15.0,,RJ Barrett,,,9.0,New York Knicks,Atlantic,Eastern
78.0,2022,,152,332,415,177,33,951.7233333,63,0.4360510932951821,27.0,,Kevin Knox II,,,24.0,Detroit Pistons,Central,Eastern
79.0,2022,,247,515,636,210,326,1696.086667,62,0.3749808381696334,27.0,,Monte Morris,,,5.0,Detroit Pistons,Central,Eastern
81.0,2022,,48,132,135,62,58,607.5916667,47,0.2221886957950274,29.0,,Frank Ntilikina,,,44.0,Charlotte Hornets,Southeast,Eastern
84.0,2022,,11,23,34,51,14,219.77,11,0.1547071938845156,15.0,,Isaiah Hartenstein,,,55.0,New York Knicks,Atlantic,Eastern
84.0,2022,,175,327,406,536,102,1628.216667,82,0.2493525635922016,15.0,,Isaiah Hartenstein,,,55.0,New York Knicks,Atlantic,Eastern
85.0,2022,,139,312,387,88,57,989.6066667,40,0.3910644633089556,12.0,,Cam Reddish,,,5.0,Los Angeles Lakers,Pacific,Western
86.0,2022,,60,149,175,22,61,230.075,6,0.7606215364555037,1.0,,Trae Young,,,11.0,Atlanta Hawks,Southeast,Eastern
86.0,2022,,597,1390,1914,217,741,2540.74,73,0.7533238347882901,1.0,,Trae Young,,,11.0,Atlanta Hawks,Southeast,Eastern
87.0,2022,,0,5,0,3,1,10.06333333,5,0.0,4.0,,Vlatko Cancar,,,31.0,Denver Nuggets,Northwest,Western
87.0,2022,,108,227,297,128,80,889.0233333,60,0.3340744712487514,4.0,,Vlatko Cancar,,,31.0,Denver Nuggets,Northwest,Western
90.0,2022,,38,93,133,38,25,205.2716667,7,0.647921859544194,20.0,,Malik Monk,,,0.0,Sacramento Kings,Pacific,Western
90.0,2022,,357,796,1041,203,298,1719.235,77,0.6055018656553642,20.0,,Malik Monk,,,0.0,Sacramento Kings,Pacific,Western
91.0,2022,,55,122,155,62,31,451.2616667,37,0.3434814242776008,17.0,,Admiral Schofield,,,25.0,Orlando Magic,Southeast,Eastern
92.0,2022,,0,0,0,0,0,0.97,1,0.0,10.0,,Amir Coffey,,,7.0,LA Clippers,Pacific,Western
92.0,2022,,56,145,172,53,53,625.2766667,50,0.2750782320212877,10.0,,Amir Coffey,,,7.0,LA Clippers,Pacific,Western
93.0,2022,,14,46,46,25,13,241.7733333,9,0.1902608504095104,15.0,,Quentin Grimes,,,6.0,New York Knicks,Atlantic,Eastern
93.0,2022,,282,602,799,229,150,2120.906667,71,0.3767256770097182,15.0,,Quentin Grimes,,,6.0,New York Knicks,Atlantic,Eastern
94.0,2022,,39,85,100,34,7,224.265,6,0.445901054555994,1.0,,De'Andre Hunter,,,12.0,Atlanta Hawks,Southeast,Eastern
94.0,2022,,379,822,1029,284,94,2125.63,67,0.4840917751443101,1.0,,De'Andre Hunter,,,12.0,Atlanta Hawks,Southeast,Eastern
97.0,2022,,77,169,220,135,52,929.7683333,37,0.2366180822906286,2.0,,Maxi Kleber,,,42.0,Dallas Mavericks,Southwest,Western
100.0,2022,,19,33,53,16,11,132.9833333,5,0.3985461838321961,10.0,,Terance Mann,,,14.0,LA Clippers,Pacific,Western
100.0,2022,,272,524,713,276,184,1872.176667,81,0.3808401271993846,10.0,,Terance Mann,,,14.0,LA Clippers,Pacific,Western
101.0,2022,,30,70,77,39,7,174.745,11,0.4406420784571804,19.0,,Obi Toppin,,,1.0,Indiana Pacers,Central,Eastern
101.0,2022,,187,419,497,187,66,1050.508333,67,0.4731042909299797,19.0,,Obi Toppin,,,1.0,Indiana Pacers,Central,Eastern
102.0,2022,,15,25,36,38,7,131.1566667,6,0.2744809006342336,1.0,,Onyeka Okongwu,,,17.0,Atlanta Hawks,Southeast,Eastern
102.0,2022,,317,497,791,576,81,1848.555,80,0.4279017935630803,1.0,,Onyeka Okongwu,,,17.0,Atlanta Hawks,Southeast,Eastern
103.0,2022,,99,234,267,162,31,652.665,20,0.4090919537588196,4.0,,Michael Porter Jr.,,,1.0,Denver Nuggets,Northwest,Western
103.0,2022,,398,817,1080,341,65,1797.893333,62,0.6007030451566839,4.0,,Michael Porter Jr.,,,1.0,Denver Nuggets,Northwest,Western
105.0,2022,,109,230,306,54,62,442.8716667,11,0.6909450818565992,15.0,,Jalen Brunson,,,11.0,New York Knicks,Atlantic,Eastern
105.0,2022,,587,1195,1633,241,421,2378.671667,68,0.686517615127418,15.0,,Jalen Brunson,,,11.0,New York Knicks,Atlantic,Eastern
107.0,2022,,277,610,781,288,235,1551.76,60,0.5032994793009228,17.0,,Cole Anthony,,,50.0,Orlando Magic,Southeast,Eastern
108.0,2022,,3,9,7,3,5,19.56666667,4,0.3577512776221889,10.0,,Xavier Moon,,,15.0,LA Clippers,Pacific,Western
109.0,2022,,23,66,72,13,8,175.2216667,8,0.4109080877724581,15.0,,Immanuel Quickley,,,5.0,New York Knicks,Atlantic,Eastern
109.0,2022,,419,936,1209,337,279,2344.105,81,0.5157618792673536,15.0,,Immanuel Quickley,,,5.0,New York Knicks,Atlantic,Eastern
110.0,2022,,34,68,92,19,50,188.7666667,6,0.4873741832090104,18.0,,Skylar Mays,,,5.0,Portland Trail Blazers,Northwest,Western
111.0,2022,,2,4,5,2,0,12.21333333,5,0.4093886463999423,4.0,,Zeke Nnaji,,,22.0,Denver Nuggets,Northwest,Western
111.0,2022,,110,196,277,138,18,727.7983333,53,0.3805999372711122,4.0,,Zeke Nnaji,,,22.0,Denver Nuggets,Northwest,Western
113.0,2022,,719,1449,2138,569,529,2390.471667,66,0.8943841625544773,2.0,,Luka Doncic,,,77.0,Dallas Mavericks,Southwest,Western
114.0,2022,,257,613,698,210,246,1313.215,65,0.5315199719771706,26.0,,Talen Horton-Tucker,,,5.0,Utah Jazz,Northwest,Western
115.0,2022,,102,237,302,87,54,749.635,47,0.4028627265269097,9.0,,R.J. Hampton,,,4.0,Miami Heat,Southeast,Eastern
117.0,2022,,1,4,3,2,1,20.33,8,0.1475651746187899,15.0,,Miles McBride,,,2.0,New York Knicks,Atlantic,Eastern
117.0,2022,,77,215,222,50,72,760.2466667,64,0.2920104878113239,15.0,,Miles McBride,,,2.0,New York Knicks,Atlantic,Eastern
123.0,2022,,542,1118,1485,329,283,2608.726667,80,0.5692432322577243,17.0,,Franz Wagner,,,22.0,Orlando Magic,Southeast,Eastern
124.0,2022,,0,0,0,0,0,0.97,1,0.0,10.0,,Brandon Boston Jr.,,,4.0,LA Clippers,Pacific,Western
124.0,2022,,51,122,143,30,20,248.345,22,0.5758118746099177,10.0,,Brandon Boston Jr.,,,4.0,LA Clippers,Pacific,Western
125.0,2022,,83,107,178,242,25,812.4033333,52,0.2191029907237826,15.0,,Jericho Sims,,,45.0,New York Knicks,Atlantic,Eastern
126.0,2022,,10,24,26,15,8,55.5,6,0.4684684684684684,1.0,,Jalen Johnson,,,1.0,Atlanta Hawks,Southeast,Eastern
126.0,2022,,158,322,395,282,83,1041.601667,70,0.3792236634352468,1.0,,Jalen Johnson,,,1.0,Atlanta Hawks,Southeast,Eastern
129.0,2022,,205,382,546,182,103,1539.23,60,0.3547228159534312,2.0,,Josh Green,,,8.0,Dallas Mavericks,Southwest,Western
130.0,2022,,90,194,270,71,73,579.135,16,0.466212541117356,12.0,,Austin Reaves,,,15.0,Los Angeles Lakers,Pacific,Western
130.0,2022,,259,490,833,193,215,1843.226667,64,0.4519248852642604,12.0,,Austin Reaves,,,15.0,Los Angeles Lakers,Pacific,Western
131.0,2022,,186,444,524,161,155,1245.865,53,0.4205913160735713,17.0,,Jalen Suggs,,,4.0,Orlando Magic,Southeast,Eastern
134.0,2022,,38,91,87,35,52,250.2616667,7,0.3476361407929519,6.0,,Chris Paul,,,3.0,Golden State Warriors,Pacific,Western
134.0,2022,,294,668,819,251,524,1888.635,59,0.4336465224884639,6.0,,Chris Paul,,,3.0,Golden State Warriors,Pacific,Western
135.0,2022,,15,44,43,4,4,82.32,5,0.522351797862002,10.0,,Bones Hyland,,,5.0,LA Clippers,Pacific,Western
135.0,2022,,228,571,659,135,172,1085.488333,56,0.6071000304339521,10.0,,Bones Hyland,,,5.0,LA Clippers,Pacific,Western
139.0,2022,,276,581,733,215,206,1576.901667,50,0.4648355793766816,29.0,,Gordon Hayward,,,20.0,Charlotte Hornets,Southeast,Eastern
141.0,2022,,657,1303,1816,343,377,2681.61,74,0.6772051118544457,7.0,,DeMar DeRozan,,,11.0,Chicago Bulls,Central,Eastern
142.0,2022,,80,125,186,107,11,354.54,42,0.524623455745473,20.0,,JaVale McGee,,,0.0,Sacramento Kings,Pacific,Western
143.0,2022,,51,132,133,143,59,616.7466667,20,0.2156476997462141,3.0,,Al Horford,,,42.0,Boston Celtics,Atlantic,Eastern
143.0,2022,,228,479,616,390,189,1921.375,63,0.3206037343048598,3.0,,Al Horford,,,42.0,Boston Celtics,Atlantic,Eastern
145.0,2022,,18,45,50,17,13,161.8233333,25,0.3089789277007804,23.0,,Garrett Temple,,,14.0,Toronto Raptors,Atlantic,Eastern
146.0,2022,,20,42,60,13,32,182.7566667,5,0.3283053969160622,14.0,,Mike Conley,,,10.0,Minnesota Timberwolves,Northwest,Western
146.0,2022,,261,610,798,182,450,2028.055,67,0.3934804529462958,14.0,,Mike Conley,,,10.0,Minnesota Timberwolves,Northwest,Western
148.0,2022,,74,174,212,81,101,599.4116667,23,0.3536801363362586,9.0,,Kyle Lowry,,,7.0,Miami Heat,Southeast,Eastern
148.0,2022,,196,485,615,225,281,1717.725,55,0.3580316989040737,9.0,,Kyle Lowry,,,7.0,Miami Heat,Southeast,Eastern
150.0,2022,,9,16,27,27,6,78.36166667,8,0.3445562243297294,28.0,,Bismack Biyombo,,,18.0,Memphis Grizzlies,Southwest,Western
150.0,2022,,119,206,263,260,56,874.085,61,0.3008860694326066,28.0,,Bismack Biyombo,,,18.0,Memphis Grizzlies,Southwest,Western
153.0,2022,,446,816,1115,804,140,1968.243333,79,0.5664949964801939,0.0,,Jonas Valanciunas,,,17.0,New Orleans Pelicans,Southwest,Western
155.0,2022,,14,16,41,34,9,90.745,5,0.4518155270262824,10.0,,Mason Plumlee,,,44.0,LA Clippers,Pacific,Western
155.0,2022,,329,484,857,700,245,2052.945,79,0.4174490792495658,10.0,,Mason Plumlee,,,44.0,LA Clippers,Pacific,Western
156.0,2022,,19,51,54,50,16,293.6666667,11,0.1838819523060292,10.0,,P.J. Tucker,,,17.0,LA Clippers,Pacific,Western
156.0,2022,,96,225,266,295,60,1920.055,75,0.1385376981388554,10.0,,P.J. Tucker,,,17.0,LA Clippers,Pacific,Western
157.0,2022,,597,1148,1447,903,265,2746.355,82,0.526880173903228,7.0,,Nikola Vucevic,,,9.0,Chicago Bulls,Central,Eastern
158.0,2022,,3,13,7,4,3,40.93166667,4,0.1710167351951613,11.0,,Jae Crowder,,,99.0,Milwaukee Bucks,Central,Eastern
158.0,2022,,45,94,124,69,27,339.7083333,18,0.365019011442661,11.0,,Jae Crowder,,,99.0,Milwaukee Bucks,Central,Eastern
159.0,2022,,101,223,298,80,101,679.0783333,20,0.4388300809891264,28.0,,Marcus Smart,,,36.0,Memphis Grizzlies,Southwest,Western
159.0,2022,,250,602,703,191,382,1956.76,61,0.359267360330342,28.0,,Marcus Smart,,,36.0,Memphis Grizzlies,Southwest,Western
161.0,2022,,587,1344,1568,328,429,2649.168333,75,0.5918838680305182,0.0,,CJ McCollum,,,3.0,New Orleans Pelicans,Southwest,Western
162.0,2022,,430,882,1273,223,152,1892.866667,59,0.6725249179951881,27.0,,Bojan Bogdanovic,,,44.0,Detroit Pistons,Central,Eastern
164.0,2022,,47,115,132,71,31,355.07,35,0.371757681583913,2.0,,Markieff Morris,,,88.0,Dallas Mavericks,Southwest,Western
165.0,2022,,673,1388,1913,345,327,2767.95,77,0.691125200961,7.0,,Zach LaVine,,,8.0,Chicago Bulls,Central,Eastern
167.0,2022,,181,365,453,112,68,751.1683333,20,0.603060565678934,3.0,,Jaylen Brown,,,7.0,Boston Celtics,Atlantic,Eastern
167.0,2022,,679,1383,1784,459,232,2404.918333,67,0.7418131316644588,3.0,,Jaylen Brown,,,7.0,Boston Celtics,Atlantic,Eastern
170.0,2022,,29,46,75,61,10,176.76,5,0.4243041412084182,14.0,,Rudy Gobert,,,27.0,Minnesota Timberwolves,Northwest,Western
170.0,2022,,360,546,939,814,87,2148.483333,70,0.437052494463079,14.0,,Rudy Gobert,,,27.0,Minnesota Timberwolves,Northwest,Western
171.0,2022,,353,819,972,249,54,1547.511667,48,0.6281051191583682,21.0,,Kelly Oubre Jr.,,,9.0,Philadelphia 76ers,Atlantic,Eastern
172.0,2022,,207,442,592,142,129,874.02,22,0.6773300382142285,9.0,,Jimmy Butler,,,22.0,Miami Heat,Southeast,Eastern
172.0,2022,,479,888,1466,375,340,2138.015,64,0.6856827477824057,9.0,,Jimmy Butler,,,22.0,Miami Heat,Southeast,Eastern
173.0,2022,,115,230,319,153,34,893.4083333,64,0.3570595752355515,2.0,,Derrick Jones Jr.,,,55.0,Dallas Mavericks,Southwest,Western
174.0,2022,,127,277,362,207,74,805.9533333,57,0.4491575194779332,6.0,,Dario Saric,,,20.0,Golden State Warriors,Pacific,Western
175.0,2022,,185,404,543,210,105,799.0433333,20,0.6795626436897274,3.0,,Jayson Tatum,,,0.0,Boston Celtics,Atlantic,Eastern
175.0,2022,,727,1559,2225,649,342,2732.196667,74,0.8143630459966446,3.0,,Jayson Tatum,,,0.0,Boston Celtics,Atlantic,Eastern
178.0,2022,,458,1031,1271,246,270,1988.303333,61,0.6392384798159969,26.0,,Jordan Clarkson,,,0.0,Utah Jazz,Northwest,Western
179.0,2022,,493,1188,1329,259,319,2220.926667,63,0.5983988664493801,29.0,,Terry Rozier,,,3.0,Charlotte Hornets,Southeast,Eastern
181.0,2022,,130,286,374,196,193,1575.376667,67,0.2374035415366476,7.0,,Alex Caruso,,,6.0,Chicago Bulls,Central,Eastern
183.0,2022,,93,184,267,59,42,593.12,20,0.450161855948206,3.0,,Derrick White,,,9.0,Boston Celtics,Atlantic,Eastern
183.0,2022,,350,758,1017,293,321,2319.328333,82,0.4384890166389392,3.0,,Derrick White,,,9.0,Boston Celtics,Atlantic,Eastern
185.0,2022,,186,305,441,354,119,1380.826667,65,0.3193739015470506,0.0,,Larry Nance Jr.,,,22.0,New Orleans Pelicans,Southwest,Western
186.0,2022,,7,29,20,17,14,118.0283333,4,0.1694508381234593,13.0,,Royce O'Neale,,,0.0,Brooklyn Nets,Atlantic,Eastern
186.0,2022,,229,593,671,384,283,2409.235,76,0.2785116437375349,13.0,,Royce O'Neale,,,0.0,Brooklyn Nets,Atlantic,Eastern
188.0,2022,,10,19,23,7,2,45.405,2,0.5065521418345997,8.0,,Victor Oladipo,,,3.0,Houston Rockets,Southwest,Western
188.0,2022,,160,403,449,128,146,1105.64,42,0.4060996346007742,8.0,,Victor Oladipo,,,3.0,Houston Rockets,Southwest,Western
190.0,2022,,141,241,371,53,79,458.6516667,11,0.8088927326250572,16.0,,Devin Booker,,,1.0,Phoenix Suns,Pacific,Western
190.0,2022,,527,1067,1471,240,293,1835.413333,53,0.8014543501194017,16.0,,Devin Booker,,,1.0,Phoenix Suns,Pacific,Western
191.0,2022,,7,8,17,10,0,32.24666667,8,0.5271862724284487,3.0,,Luke Kornet,,,40.0,Boston Celtics,Atlantic,Eastern
191.0,2022,,113,170,261,197,53,804.0883333,69,0.3245912037161999,3.0,,Luke Kornet,,,40.0,Boston Celtics,Atlantic,Eastern
193.0,2022,,404,835,1112,246,262,1538.076667,45,0.7229808655565542,0.0,,Brandon Ingram,,,14.0,New Orleans Pelicans,Southwest,Western
195.0,2022,,14,36,35,24,11,133.7116667,7,0.2617572636988153,29.0,,Cody Martin,,,11.0,Charlotte Hornets,Southeast,Eastern
196.0,2022,,167,347,412,227,85,849.5833333,23,0.4849435998228521,9.0,,Bam Adebayo,,,13.0,Miami Heat,Southeast,Eastern
196.0,2022,,602,1114,1529,688,240,2597.993333,75,0.5885311484746601,9.0,,Bam Adebayo,,,13.0,Miami Heat,Southeast,Eastern
198.0,2022,,23,48,57,14,20,152.2733333,7,0.3743268684327146,11.0,,Cameron Payne,,,15.0,Milwaukee Bucks,Central,Eastern
198.0,2022,,188,453,493,106,214,968.3116667,48,0.5091335950543081,11.0,,Cameron Payne,,,15.0,Milwaukee Bucks,Central,Eastern
199.0,2022,,21,44,49,22,9,108.8366667,7,0.4502159197420551,10.0,,Daniel Theis,,,10.0,LA Clippers,Pacific,Western
201.0,2022,,161,431,539,122,196,1338.445,73,0.4027061253917793,22.0,,Devonte' Graham,,,4.0,San Antonio Spurs,Southwest,Western
202.0,2022,,9,21,20,12,1,42.01833333,7,0.4759827059994433,21.0,,Danuel House Jr.,,,25.0,Philadelphia 76ers,Atlantic,Eastern
202.0,2022,,93,197,268,94,44,807.025,56,0.3320838883553793,21.0,,Danuel House Jr.,,,25.0,Philadelphia 76ers,Atlantic,Eastern
203.0,2022,,434,978,1144,358,175,2379.563333,73,0.4807604757288466,29.0,,P.J. Washington,,,25.0,Charlotte Hornets,Southeast,Eastern
205.0,2022,,10,28,22,24,11,124.4716667,12,0.1767470508210042,14.0,,Troy Brown Jr.,,,23.0,Minnesota Timberwolves,Northwest,Western
205.0,2022,,200,465,541,308,95,1859.79,76,0.2908930578183558,14.0,,Troy Brown Jr.,,,23.0,Minnesota Timberwolves,Northwest,Western
206.0,2022,,26,45,71,25,6,183.1683333,11,0.3876215867712981,7.0,,Torrey Craig,,,13.0,Chicago Bulls,Central,Eastern
206.0,2022,,228,500,588,426,117,1947.841667,79,0.3018725854168721,7.0,,Torrey Craig,,,13.0,Chicago Bulls,Central,Eastern
207.0,2022,,67,85,153,119,19,417.0483333,20,0.3668639526487228,18.0,,Robert Williams III,,,35.0,Portland Trail Blazers,Northwest,Western
207.0,2022,,127,170,279,292,50,823.55,35,0.3387772448545929,18.0,,Robert Williams III,,,35.0,Portland Trail Blazers,Northwest,Western
210.0,2022,,45,104,116,25,36,206.57,5,0.5615529844604734,5.0,,Donovan Mitchell,,,45.0,Cleveland Cavaliers,Central,Eastern
210.0,2022,,679,1402,1922,289,301,2432.38,68,0.7901725881646782,5.0,,Donovan Mitchell,,,45.0,Cleveland Cavaliers,Central,Eastern
212.0,2022,,109,206,291,125,36,694.2933333,23,0.4191312029698845,9.0,,Caleb Martin,,,16.0,Miami Heat,Southeast,Eastern
212.0,2022,,254,548,683,344,117,2077.738333,71,0.3287228180527581,9.0,,Caleb Martin,,,16.0,Miami Heat,Southeast,Eastern
214.0,2022,,33,77,94,21,16,157.4066667,4,0.5971792807172125,13.0,,Mikal Bridges,,,1.0,Brooklyn Nets,Atlantic,Eastern
214.0,2022,,593,1267,1671,364,273,2963.176667,83,0.563921827074781,13.0,,Mikal Bridges,,,1.0,Brooklyn Nets,Atlantic,Eastern
215.0,2022,,25,53,76,33,18,264.8616667,15,0.2869422402528436,2.0,,Grant Williams,,,3.0,Dallas Mavericks,Southwest,Western
215.0,2022,,216,476,641,363,131,2044.761667,79,0.3134839675180589,2.0,,Grant Williams,,,3.0,Dallas Mavericks,Southwest,Western
218.0,2022,,59,72,125,119,11,358.535,36,0.3486409973921653,16.0,,Udoka Azubuike,,,27.0,Phoenix Suns,Pacific,Western
219.0,2022,,8,20,19,16,5,101.5083333,8,0.1871767507387494,23.0,,Jalen McDaniels,,,2.0,Toronto Raptors,Atlantic,Eastern
219.0,2022,,281,617,755,346,130,1912.853333,80,0.39469832159892,23.0,,Jalen McDaniels,,,2.0,Toronto Raptors,Atlantic,Eastern
220.0,2022,,75,158,207,34,39,418.5816667,23,0.4945271531644938,9.0,,Duncan Robinson,,,55.0,Miami Heat,Southeast,Eastern
220.0,2022,,88,237,268,69,46,690.46,42,0.3881470324131738,9.0,,Duncan Robinson,,,55.0,Miami Heat,Southeast,Eastern
221.0,2022,,263,594,715,212,204,1730.228333,74,0.4132402564234277,7.0,,Coby White,,,0.0,Chicago Bulls,Central,Eastern
222.0,2022,,0,0,0,0,1,3.883333333,1,0.0,8.0,,Aaron Holiday,,,0.0,Houston Rockets,Southwest,Western
222.0,2022,,92,220,247,74,89,845.2566667,63,0.2922189315161778,8.0,,Aaron Holiday,,,0.0,Houston Rockets,Southwest,Western
223.0,2022,,252,590,738,277,98,1816.403333,73,0.4062974266740128,19.0,,Aaron Nesmith,,,23.0,Indiana Pacers,Central,Eastern
225.0,2022,,285,469,754,202,133,956.0983333,29,0.7886218119401464,0.0,,Zion Williamson,,,1.0,New Orleans Pelicans,Southwest,Western
226.0,2022,,15,35,42,10,7,147.8066667,5,0.2841549771584153,14.0,,Nickeil Alexander-Walker,,,9.0,Minnesota Timberwolves,Northwest,Western
226.0,2022,,131,295,363,101,108,883.885,59,0.4106869106275138,14.0,,Nickeil Alexander-Walker,,,9.0,Minnesota Timberwolves,Northwest,Western
227.0,2022,,296,721,838,231,304,1267.755,36,0.6610109997594171,29.0,,LaMelo Ball,,,1.0,Charlotte Hornets,Southeast,Eastern
228.0,2022,,99,246,279,31,78,671.9466667,22,0.4152115247035869,12.0,,Gabe Vincent,,,7.0,Los Angeles Lakers,Pacific,Western
228.0,2022,,228,567,641,145,167,1758.676667,68,0.3644785946318579,12.0,,Gabe Vincent,,,7.0,Los Angeles Lakers,Pacific,Western
230.0,2022,,17,45,48,17,11,184.005,10,0.2608624765631369,25.0,,Landry Shamet,,,20.0,Washington Wizards,Southeast,Eastern
230.0,2022,,113,300,346,67,93,806.91,40,0.4287962721988821,25.0,,Landry Shamet,,,20.0,Washington Wizards,Southeast,Eastern
231.0,2022,,12,22,32,6,11,56.73166667,10,0.5640588736117947,3.0,,Payton Pritchard,,,11.0,Boston Celtics,Atlantic,Eastern
231.0,2022,,101,245,270,88,64,642.7766667,48,0.4200525843387774,3.0,,Payton Pritchard,,,11.0,Boston Celtics,Atlantic,Eastern
232.0,2022,,186,452,474,167,261,1389.843333,54,0.3410456335224943,13.0,,Dennis Smith Jr.,,,4.0,Brooklyn Nets,Atlantic,Eastern
233.0,2022,,86,156,233,132,34,610.0566667,47,0.3819317330968198,12.0,,Jaxson Hayes,,,11.0,Los Angeles Lakers,Pacific,Western
235.0,2022,,197,313,532,416,38,1217.675,65,0.4368981871188946,29.0,,Nick Richards,,,4.0,Charlotte Hornets,Southeast,Eastern
236.0,2022,,24,39,60,24,5,161.03,18,0.3726013786251009,9.0,,Haywood Highsmith,,,24.0,Miami Heat,Southeast,Eastern
236.0,2022,,93,216,236,188,43,969.4,54,0.2434495564266556,9.0,,Haywood Highsmith,,,24.0,Miami Heat,Southeast,Eastern
238.0,2022,,61,111,134,97,10,319.4416667,10,0.4194819084945627,18.0,,Deandre Ayton,,,2.0,Portland Trail Blazers,Northwest,Western
238.0,2022,,522,887,1203,667,115,2035.336667,67,0.5910570076709575,18.0,,Deandre Ayton,,,2.0,Portland Trail Blazers,Northwest,Western
241.0,2022,,40,88,114,33,23,234.7666667,25,0.4855885275471264,0.0,,Kira Lewis Jr.,,,13.0,New Orleans Pelicans,Southwest,Western
242.0,2022,,15,32,37,4,8,76.52833333,6,0.4834810636793989,25.0,,Jared Butler,,,4.0,Washington Wizards,Southeast,Eastern
244.0,2022,,76,189,215,83,33,646.965,23,0.332320913805229,5.0,,Max Strus,,,1.0,Cleveland Cavaliers,Central,Eastern
244.0,2022,,324,790,923,258,171,2271.978333,80,0.406253874252946,5.0,,Max Strus,,,1.0,Cleveland Cavaliers,Central,Eastern
245.0,2022,,314,677,833,327,100,2322.841667,82,0.3586124753289093,7.0,,Patrick Williams,,,44.0,Chicago Bulls,Central,Eastern
246.0,2022,,28,55,74,23,11,151.815,4,0.4874353654118499,13.0,,Cameron Johnson,,,2.0,Brooklyn Nets,Atlantic,Eastern
246.0,2022,,223,474,650,185,78,1199.815,42,0.5417501864870834,13.0,,Cameron Johnson,,,2.0,Brooklyn Nets,Atlantic,Eastern
249.0,2022,,247,571,698,279,189,1792.036667,77,0.3895009587992989,0.0,,Naji Marshall,,,8.0,New Orleans Pelicans,Southwest,Western
250.0,2022,,25,60,52,37,38,276.975,23,0.1877425760447693,1.0,,Trent Forrest,,,2.0,Atlanta Hawks,Southeast,Eastern
251.0,2022,,69,193,191,72,41,515.4666667,34,0.3705380237732451,29.0,,James Bouknight,,,2.0,Charlotte Hornets,Southeast,Eastern
252.0,2022,,5,9,12,2,2,19.46666667,1,0.6164383560588291,9.0,,Tyler Herro,,,14.0,Miami Heat,Southeast,Eastern
252.0,2022,,487,1109,1347,360,280,2335.391667,67,0.5767769145679665,9.0,,Tyler Herro,,,14.0,Miami Heat,Southeast,Eastern
253.0,2022,,281,570,687,220,206,2097.616667,80,0.3275145601233917,7.0,,Ayo Dosunmu,,,12.0,Chicago Bulls,Central,Eastern
254.0,2022,,1,4,3,1,0,20.98166667,6,0.1429819683623827,18.0,,Ish Wainright,,,23.0,Portland Trail Blazers,Northwest,Western
254.0,2022,,84,227,251,139,53,915.1266667,60,0.2742789704786121,18.0,,Ish Wainright,,,23.0,Portland Trail Blazers,Northwest,Western
255.0,2022,,40,108,122,26,16,310.1816667,34,0.393317894309967,0.0,,Matt Ryan,,,37.0,New Orleans Pelicans,Southwest,Western
257.0,2022,,235,501,649,269,162,1950.53,66,0.3327300784914869,0.0,,Herbert Jones,,,5.0,New Orleans Pelicans,Southwest,Western
259.0,2022,,95,238,262,152,36,968.775,69,0.2704446336868726,29.0,,JT Thor,,,21.0,Charlotte Hornets,Southeast,Eastern
260.0,2022,,2,7,4,5,1,15.68,8,0.2551020408163265,26.0,,Omer Yurtseven,,,77.0,Utah Jazz,Northwest,Western
260.0,2022,,16,27,40,23,2,83.23166667,9,0.4805863152854248,26.0,,Omer Yurtseven,,,77.0,Utah Jazz,Northwest,Western
263.0,2022,,10,29,30,17,4,104.1866667,15,0.2879447145226693,3.0,,Sam Hauser,,,30.0,Boston Celtics,Atlantic,Eastern
263.0,2022,,180,396,512,204,71,1289.898333,80,0.3969305075456671,3.0,,Sam Hauser,,,30.0,Boston Celtics,Atlantic,Eastern
265.0,2022,,387,800,1148,281,112,2448.005,79,0.4689532905365797,0.0,,Trey Murphy III,,,25.0,New Orleans Pelicans,Southwest,Western
266.0,2022,,1,2,2,1,1,11.75,4,0.1702127659574468,29.0,,Ish Smith,,,14.0,Charlotte Hornets,Southeast,Eastern
266.0,2022,,52,131,108,54,100,397.9083333,43,0.2714192967619359,29.0,,Ish Smith,,,14.0,Charlotte Hornets,Southeast,Eastern
271.0,2022,,25,60,75,24,5,196.5333333,7,0.381614654067438,20.0,,Harrison Barnes,,,40.0,Sacramento Kings,Pacific,Western
271.0,2022,,374,791,1230,366,128,2662.038333,82,0.4620519489716905,20.0,,Harrison Barnes,,,40.0,Sacramento Kings,Pacific,Western
273.0,2022,,201,489,550,141,186,1309.981667,61,0.4198532039456396,0.0,,Jose Alvarado,,,15.0,New Orleans Pelicans,Southwest,Western
274.0,2022,,444,878,1160,196,271,1672.933333,50,0.6933928430488151,16.0,,Bradley Beal,,,3.0,Phoenix Suns,Pacific,Western
275.0,2022,,239,523,654,138,91,1314.201667,64,0.4976405192765594,22.0,,Doug McDermott,,,17.0,San Antonio Spurs,Southwest,Western
276.0,2022,,157,263,361,485,97,1133.291667,42,0.3185411227417064,28.0,,Steven Adams,,,4.0,Memphis Grizzlies,Southwest,Western
278.0,2022,,45,119,137,111,24,358.8266667,20,0.3817999405115004,9.0,,Kevin Love,,,42.0,Miami Heat,Southeast,Eastern
278.0,2022,,165,424,509,399,116,1239.478333,62,0.4106566338824415,9.0,,Kevin Love,,,42.0,Miami Heat,Southeast,Eastern
281.0,2022,,0,1,0,6,3,17.01666667,3,0.0,5.0,,Ricky Rubio,,,13.0,Cleveland Cavaliers,Central,Eastern
281.0,2022,,61,178,171,70,115,565.9933333,33,0.3021236999435873,5.0,,Ricky Rubio,,,13.0,Cleveland Cavaliers,Central,Eastern
283.0,2022,,239,554,654,175,174,1529.601667,65,0.4275622955371688,9.0,,Josh Richardson,,,0.0,Miami Heat,Southeast,Eastern
284.0,2022,,15,30,34,16,18,103.52,4,0.3284389489953632,14.0,,Kyle Anderson,,,1.0,Minnesota Timberwolves,Northwest,Western
284.0,2022,,252,495,647,368,335,1956.573333,69,0.3306801687867019,14.0,,Kyle Anderson,,,1.0,Minnesota Timberwolves,Northwest,Western
285.0,2022,,107,224,319,96,61,465.67,11,0.6850344664676702,16.0,,Kevin Durant,,,35.0,Phoenix Suns,Pacific,Western
285.0,2022,,483,862,1366,313,235,1671.756667,47,0.8171045625026958,16.0,,Kevin Durant,,,35.0,Phoenix Suns,Pacific,Western
290.0,2022,,74,162,212,65,31,670.6683333,20,0.3161025941941547,4.0,,Kentavious Caldwell-Pope,,,5.0,Denver Nuggets,Northwest,Western
290.0,2022,,292,632,822,208,183,2381.206667,76,0.3452031322571465,4.0,,Kentavious Caldwell-Pope,,,5.0,Denver Nuggets,Northwest,Western
291.0,2022,,46,103,115,36,34,190.4,5,0.6039915966386554,1.0,,Dejounte Murray,,,5.0,Atlanta Hawks,Southeast,Eastern
291.0,2022,,612,1319,1515,389,448,2693.395,74,0.5624871212725946,1.0,,Dejounte Murray,,,5.0,Atlanta Hawks,Southeast,Eastern
292.0,2022,,11,36,27,18,22,120.2716667,6,0.2244917755014365,25.0,,Tyus Jones,,,5.0,Washington Wizards,Southeast,Eastern
292.0,2022,,311,710,822,200,417,1939.423333,80,0.4238373262883705,25.0,,Tyus Jones,,,5.0,Washington Wizards,Southeast,Eastern
294.0,2022,,9,25,30,15,5,93.155,5,0.3220439053190918,22.0,,Cedi Osman,,,16.0,San Antonio Spurs,Southwest,Western
294.0,2022,,239,530,669,176,115,1548.313333,77,0.4320830840510497,22.0,,Cedi Osman,,,16.0,San Antonio Spurs,Southwest,Western
295.0,2022,,77,204,205,55,41,706.1133333,46,0.290321666979348,4.0,,Justin Holiday,,,9.0,Denver Nuggets,Northwest,Western
299.0,2022,,389,618,897,653,197,1906.125,72,0.4705882352941176,23.0,,Jakob Poeltl,,,19.0,Toronto Raptors,Atlantic,Eastern
300.0,2022,,24,77,63,18,11,167.195,6,0.3768055264810551,8.0,,Dillon Brooks,,,9.0,Houston Rockets,Southwest,Western
300.0,2022,,392,991,1047,244,189,2214.263333,73,0.4728434890268763,8.0,,Dillon Brooks,,,9.0,Houston Rockets,Southwest,Western
302.0,2022,,27,63,75,23,13,169.6233333,5,0.4421561499876503,5.0,,Caris LeVert,,,3.0,Cleveland Cavaliers,Central,Eastern
302.0,2022,,320,742,897,282,287,2237.34,74,0.4009225240687602,5.0,,Caris LeVert,,,3.0,Cleveland Cavaliers,Central,Eastern
303.0,2022,,7,9,19,20,1,54.30833333,7,0.3498542274267211,20.0,,Alex Len,,,25.0,Sacramento Kings,Pacific,Western
303.0,2022,,16,30,43,60,12,161.2466667,26,0.2666721792147286,20.0,,Alex Len,,,25.0,Sacramento Kings,Pacific,Western
305.0,2022,,283,521,650,234,397,1526.413333,75,0.4258348547850374,19.0,,T.J. McConnell,,,9.0,Indiana Pacers,Central,Eastern
306.0,2022,,507,1018,1505,546,174,2119.511667,65,0.7100692218081571,3.0,,Kristaps Porzingis,,,8.0,Boston Celtics,Atlantic,Eastern
307.0,2022,,284,548,731,402,180,1440.596667,63,0.5074286347769261,22.0,,Zach Collins,,,23.0,San Antonio Spurs,Southwest,Western
308.0,2022,,35,83,108,47,9,220.35,6,0.4901293396868618,28.0,,Jaren Jackson Jr.,,,13.0,Memphis Grizzlies,Southwest,Western
308.0,2022,,416,822,1173,426,60,1787.503333,63,0.6562225526211088,28.0,,Jaren Jackson Jr.,,,13.0,Memphis Grizzlies,Southwest,Western
310.0,2022,,571,1144,1691,570,123,2272.486667,66,0.7441187772654158,26.0,,Lauri Markkanen,,,23.0,Utah Jazz,Northwest,Western
311.0,2022,,55,89,130,80,9,347.575,42,0.3740199956843846,2.0,,Richaun Holmes,,,20.0,Dallas Mavericks,Southwest,Western
313.0,2022,,402,733,1113,466,89,1825.21,62,0.609792845754735,19.0,,Myles Turner,,,33.0,Indiana Pacers,Central,Eastern
314.0,2022,,512,1142,1357,463,239,2238.851667,64,0.6061142951101994,25.0,,Kyle Kuzma,,,33.0,Washington Wizards,Southeast,Eastern
315.0,2022,,236,465,647,247,103,1452.588333,67,0.4454118109731507,16.0,,Keita Bates-Diop,,,21.0,Phoenix Suns,Pacific,Western
316.0,2022,,31,81,87,36,18,274.1633333,11,0.3173290861064972,21.0,,De'Anthony Melton,,,8.0,Philadelphia 76ers,Atlantic,Eastern
316.0,2022,,277,651,780,312,197,2149.826667,77,0.362819948218644,21.0,,De'Anthony Melton,,,8.0,Philadelphia 76ers,Atlantic,Eastern
317.0,2022,,0,2,0,0,0,5.3,1,0.0,1.0,,Patty Mills,,,8.0,Atlanta Hawks,Southeast,Eastern
317.0,2022,,86,209,246,44,56,566.6483333,40,0.4341316925214716,1.0,,Patty Mills,,,8.0,Atlanta Hawks,Southeast,Eastern
318.0,2022,,22,36,47,37,12,190.515,5,0.2466997349290082,5.0,,Jarrett Allen,,,31.0,Cleveland Cavaliers,Central,Eastern
318.0,2022,,403,626,969,666,113,2220.111667,68,0.436464532123915,5.0,,Jarrett Allen,,,31.0,Cleveland Cavaliers,Central,Eastern
319.0,2022,,17,40,46,40,5,117.5533333,7,0.3913117451344954,20.0,,Trey Lyles,,,41.0,Sacramento Kings,Pacific,Western
319.0,2022,,187,408,562,300,66,1247.235,74,0.4505967199445173,20.0,,Trey Lyles,,,41.0,Sacramento Kings,Pacific,Western
322.0,2022,,0,0,0,0,0,0.4966666667,1,0.0,9.0,,Thomas Bryant,,,31.0,Miami Heat,Southeast,Eastern
322.0,2022,,230,369,579,339,31,1081.486667,59,0.5353741453014141,9.0,,Thomas Bryant,,,31.0,Miami Heat,Southeast,Eastern
323.0,2022,,29,60,80,12,11,178.9583333,13,0.4470314319808208,13.0,,Lonnie Walker IV,,,8.0,Brooklyn Nets,Atlantic,Eastern
323.0,2022,,236,527,654,109,64,1297.036667,56,0.5042263003348076,13.0,,Lonnie Walker IV,,,8.0,Brooklyn Nets,Atlantic,Eastern
324.0,2022,,45,106,123,34,35,187.07,5,0.6575078847490244,28.0,,Ja Morant,,,12.0,Memphis Grizzlies,Southwest,Western
324.0,2022,,566,1214,1596,357,493,1948.348333,61,0.8191553702014537,28.0,,Ja Morant,,,12.0,Memphis Grizzlies,Southwest,Western
325.0,2022,,594,1203,1623,304,331,2240.573333,60,0.7243681677791352,2.0,,Kyrie Irving,,,11.0,Dallas Mavericks,Southwest,Western
326.0,2022,,237,468,685,105,138,1145.153333,48,0.598173170579245,26.0,,Collin Sexton,,,2.0,Utah Jazz,Northwest,Western
327.0,2022,,49,99,115,77,33,242.9383333,7,0.4733711573545235,20.0,,Domantas Sabonis,,,10.0,Sacramento Kings,Pacific,Western
327.0,2022,,577,938,1510,973,573,2735.555,79,0.5519903639298058,20.0,,Domantas Sabonis,,,10.0,Sacramento Kings,Pacific,Western
329.0,2022,,475,1038,1344,400,225,2481.875,80,0.5415260639637371,19.0,,Buddy Hield,,,7.0,Indiana Pacers,Central,Eastern
330.0,2022,,73,131,195,58,10,388.0333333,16,0.502534146594153,12.0,,Rui Hachimura,,,28.0,Los Angeles Lakers,Pacific,Western
330.0,2022,,284,584,707,283,58,1466.03,63,0.4822547969686841,12.0,,Rui Hachimura,,,28.0,Los Angeles Lakers,Pacific,Western
331.0,2022,,17,27,43,28,3,113.1366667,7,0.3800713000854213,8.0,,Jock Landale,,,2.0,Houston Rockets,Southwest,Western
331.0,2022,,178,337,456,280,68,978.4966667,69,0.466021004995213,8.0,,Jock Landale,,,2.0,Houston Rockets,Southwest,Western
333.0,2022,,166,274,399,444,33,849.1383333,67,0.4698881022711214,7.0,,Andre Drummond,,,3.0,Chicago Bulls,Central,Eastern
335.0,2022,,55,86,142,122,15,477.3916667,41,0.297449683153424,5.0,,Damian Jones,,,30.0,Cleveland Cavaliers,Central,Eastern
337.0,2022,,82,196,226,66,55,473.2016667,19,0.4775976415638436,18.0,,Malcolm Brogdon,,,11.0,Portland Trail Blazers,Northwest,Western
337.0,2022,,354,732,1000,280,248,1743.815,67,0.5734553263964354,18.0,,Malcolm Brogdon,,,11.0,Portland Trail Blazers,Northwest,Western
338.0,2022,,289,395,705,433,84,1604.22,78,0.4394659086658937,25.0,,Daniel Gafford,,,21.0,Washington Wizards,Southeast,Eastern
339.0,2022,,503,1113,1385,318,183,2063.331667,63,0.671244483933954,22.0,,Keldon Johnson,,,3.0,San Antonio Spurs,Southwest,Western
340.0,2022,,229,349,559,310,72,1090.138333,56,0.5127789594020266,28.0,,Brandon Clarke,,,15.0,Memphis Grizzlies,Southwest,Western
341.0,2022,,10,19,25,3,6,58.07166667,3,0.4305025399402748,2.0,,Seth Curry,,,30.0,Dallas Mavericks,Southwest,Western
341.0,2022,,208,449,561,100,99,1210.715,61,0.4633625584881661,2.0,,Seth Curry,,,30.0,Dallas Mavericks,Southwest,Western
342.0,2022,,35,80,103,9,25,188.5216667,5,0.5463562984720843,5.0,,Darius Garland,,,10.0,Cleveland Cavaliers,Central,Eastern
342.0,2022,,522,1129,1490,185,538,2447.15,69,0.608871544449666,5.0,,Darius Garland,,,10.0,Cleveland Cavaliers,Central,Eastern
346.0,2022,,253,579,697,487,211,2020.38,76,0.3449846068561359,25.0,,Deni Avdija,,,8.0,Washington Wizards,Southeast,Eastern
349.0,2022,,2,13,7,5,0,43.665,4,0.1603114622695522,27.0,,Joe Harris,,,31.0,Detroit Pistons,Central,Eastern
349.0,2022,,201,440,562,164,101,1527.175,74,0.3679997380784782,27.0,,Joe Harris,,,31.0,Detroit Pistons,Central,Eastern
350.0,2022,,61,96,155,139,4,294.145,36,0.5269509935575992,18.0,,Moses Brown,,,10.0,Portland Trail Blazers,Northwest,Western
351.0,2022,,70,165,192,38,54,269.5916667,7,0.712188185748547,20.0,,De'Aaron Fox,,,5.0,Sacramento Kings,Pacific,Western
351.0,2022,,682,1331,1826,306,447,2435.241667,73,0.7498229127499567,20.0,,De'Aaron Fox,,,5.0,Sacramento Kings,Pacific,Western
353.0,2022,,69,125,167,137,39,456.8016667,38,0.3655853561271605,17.0,,Goga Bitadze,,,35.0,Orlando Magic,Southeast,Eastern
356.0,2022,,2,9,4,10,4,48.68333333,5,0.0821636425937804,28.0,,John Konchar,,,46.0,Memphis Grizzlies,Southwest,Western
356.0,2022,,138,320,364,310,100,1493.813333,72,0.2436716770153503,28.0,,John Konchar,,,46.0,Memphis Grizzlies,Southwest,Western
357.0,2022,,133,235,291,263,256,1105.016667,42,0.2633444441974195,13.0,,Ben Simmons,,,10.0,Brooklyn Nets,Atlantic,Eastern
358.0,2022,,2,3,5,0,1,10.38333333,3,0.481540931133721,15.0,,Dylan Windler,,,20.0,New York Knicks,Atlantic,Eastern
359.0,2022,,24,64,71,39,36,235.04,13,0.3020762423417291,15.0,,Donte DiVincenzo,,,0.0,New York Knicks,Atlantic,Eastern
359.0,2022,,235,540,678,325,252,1894.38,72,0.3579007379723181,15.0,,Donte DiVincenzo,,,0.0,New York Knicks,Atlantic,Eastern
361.0,2022,,123,319,398,218,44,1083.176667,65,0.3674377524234465,3.0,,Oshae Brissett,,,12.0,Boston Celtics,Atlantic,Eastern
363.0,2022,,261,595,703,148,136,1178.078333,38,0.5967345127295538,22.0,,Devin Vassell,,,24.0,San Antonio Spurs,Southwest,Western
365.0,2022,,90,176,240,80,38,531.6883333,20,0.4513922630395245,19.0,,Bruce Brown,,,11.0,Indiana Pacers,Central,Eastern
365.0,2022,,358,741,923,328,268,2279.485,80,0.4049160226981094,19.0,,Bruce Brown,,,11.0,Indiana Pacers,Central,Eastern
366.0,2022,,0,1,2,3,0,11.13333333,2,0.1796407186166589,5.0,,Dean Wade,,,32.0,Cleveland Cavaliers,Central,Eastern
366.0,2022,,73,177,206,150,37,891.5633333,44,0.2310548138375309,5.0,,Dean Wade,,,32.0,Cleveland Cavaliers,Central,Eastern
367.0,2022,,0,1,2,1,0,6.126666667,3,0.3264417845306614,16.0,,Chimezie Metu,,,4.0,Phoenix Suns,Pacific,Western
367.0,2022,,129,219,321,198,40,689.0166667,66,0.4658813284407305,16.0,,Chimezie Metu,,,4.0,Phoenix Suns,Pacific,Western
369.0,2022,,412,841,1160,205,585,1882.853333,56,0.6160862238545906,19.0,,Tyrese Haliburton,,,0.0,Indiana Pacers,Central,Eastern
371.0,2022,,341,743,875,245,448,1983.738333,68,0.4410864000781498,22.0,,Tre Jones,,,33.0,San Antonio Spurs,Southwest,Western
372.0,2022,,24,45,52,48,19,183.2866667,6,0.2837085803143148,28.0,,Xavier Tillman,,,2.0,Memphis Grizzlies,Southwest,Western
372.0,2022,,188,306,429,307,96,1180.108333,61,0.363525947579255,28.0,,Xavier Tillman,,,2.0,Memphis Grizzlies,Southwest,Western
373.0,2022,,18,25,42,32,6,116.6333333,4,0.3601028866419271,13.0,,Nic Claxton,,,33.0,Brooklyn Nets,Atlantic,Eastern
373.0,2022,,414,587,961,702,144,2270.656667,76,0.4232255866624154,13.0,,Nic Claxton,,,33.0,Brooklyn Nets,Atlantic,Eastern
374.0,2022,,11,23,32,7,4,74.545,5,0.4292709101884767,5.0,,Isaac Okoro,,,35.0,Cleveland Cavaliers,Central,Eastern
374.0,2022,,175,354,490,187,87,1652.566667,76,0.2965084615252015,5.0,,Isaac Okoro,,,35.0,Cleveland Cavaliers,Central,Eastern
377.0,2022,,242,508,642,394,66,1278.825,68,0.5020233417394874,19.0,,Jalen Smith,,,25.0,Indiana Pacers,Central,Eastern
378.0,2022,,71,132,195,99,34,624.5933333,59,0.3122031401932031,25.0,,Anthony Gill,,,16.0,Washington Wizards,Southeast,Eastern
380.0,2022,,49,116,141,36,19,231.345,6,0.6094793490241847,28.0,,Desmond Bane,,,22.0,Memphis Grizzlies,Southwest,Western
380.0,2022,,450,939,1247,291,254,1841.453333,58,0.6771825153822674,28.0,,Desmond Bane,,,22.0,Memphis Grizzlies,Southwest,Western
381.0,2022,,2,3,6,6,5,19.64833333,2,0.3053694122156874,13.0,,Day'Ron Sharpe,,,20.0,Brooklyn Nets,Atlantic,Eastern
381.0,2022,,93,171,227,200,37,552.4866667,48,0.4108696438881861,13.0,,Day'Ron Sharpe,,,20.0,Brooklyn Nets,Atlantic,Eastern
382.0,2022,,1,2,5,3,0,8.816666667,2,0.567107750451149,3.0,,Lamar Stevens,,,77.0,Boston Celtics,Atlantic,Eastern
382.0,2022,,129,288,328,207,33,1120.483333,62,0.2927308156577461,3.0,,Lamar Stevens,,,77.0,Boston Celtics,Atlantic,Eastern
383.0,2022,,6,9,12,11,1,28.69,5,0.4182642035552457,3.0,,Neemias Queta,,,88.0,Boston Celtics,Atlantic,Eastern
386.0,2022,,291,585,820,207,87,2093.29,74,0.3917278542390209,25.0,,Corey Kispert,,,24.0,Washington Wizards,Southeast,Eastern
387.0,2022,,9,26,28,13,18,93.36166667,4,0.2999089561990142,10.0,,Joshua Primo,,,12.0,LA Clippers,Pacific,Western
388.0,2022,,2,7,5,2,2,11.955,4,0.4182350480970305,28.0,,Ziaire Williams,,,8.0,Memphis Grizzlies,Southwest,Western
388.0,2022,,84,196,210,79,35,560.755,37,0.3744951003557703,28.0,,Ziaire Williams,,,8.0,Memphis Grizzlies,Southwest,Western
389.0,2022,,0,0,0,1,0,7.0,6,0.0,20.0,,Kessler Edwards,,,17.0,Sacramento Kings,Pacific,Western
389.0,2022,,36,93,100,61,23,385.7533333,36,0.2592330159393077,20.0,,Kessler Edwards,,,17.0,Sacramento Kings,Pacific,Western
390.0,2022,,22,48,49,50,10,187.6166667,5,0.2611708269945508,5.0,,Evan Mobley,,,4.0,Cleveland Cavaliers,Central,Eastern
390.0,2022,,525,947,1277,711,224,2715.261667,79,0.4703045807776285,5.0,,Evan Mobley,,,4.0,Cleveland Cavaliers,Central,Eastern
391.0,2022,,19,46,50,9,12,139.7683333,7,0.3577348231854461,20.0,,Davion Mitchell,,,15.0,Sacramento Kings,Pacific,Western
391.0,2022,,181,399,450,105,185,1447.03,80,0.3109818041091062,20.0,,Davion Mitchell,,,15.0,Sacramento Kings,Pacific,Western
393.0,2022,,123,333,362,115,64,897.2266667,46,0.4034654936543918,20.0,,Chris Duarte,,,3.0,Sacramento Kings,Pacific,Western
397.0,2022,,3,7,6,1,1,15.64666667,2,0.383468257268115,13.0,,Cam Thomas,,,24.0,Brooklyn Nets,Atlantic,Eastern
397.0,2022,,201,456,604,95,78,947.5533333,57,0.63743113846318,13.0,,Cam Thomas,,,24.0,Brooklyn Nets,Atlantic,Eastern
401.0,2022,,179,318,455,282,51,1042.293333,63,0.4365373792523337,19.0,,Isaiah Jackson,,,22.0,Indiana Pacers,Central,Eastern
402.0,2022,,108,198,240,166,75,795.46,54,0.3017122168305131,23.0,,Thaddeus Young,,,21.0,Toronto Raptors,Atlantic,Eastern
404.0,2022,,15,33,39,26,7,100.6766667,6,0.3873787370832769,28.0,,Santi Aldama,,,7.0,Memphis Grizzlies,Southwest,Western
404.0,2022,,247,525,696,371,97,1681.748333,77,0.413855025952923,28.0,,Santi Aldama,,,7.0,Memphis Grizzlies,Southwest,Western
411.0,2022,,18,44,51,7,13,149.0966667,5,0.3420599610225894,16.0,,Eric Gordon,,,23.0,Phoenix Suns,Pacific,Western
411.0,2022,,291,653,856,134,183,1965.508333,69,0.4355107458096948,16.0,,Eric Gordon,,,23.0,Phoenix Suns,Pacific,Western
412.0,2022,,144,360,415,247,194,1816.526667,67,0.2284579728660817,21.0,,Patrick Beverley,,,22.0,Philadelphia 76ers,Atlantic,Eastern
413.0,2022,,150,351,427,106,217,1227.433333,62,0.3478804009309074,6.0,,Cory Joseph,,,1.0,Golden State Warriors,Pacific,Western
414.0,2022,,2,3,5,4,1,13.50666667,4,0.3701875616065677,4.0,,DeAndre Jordan,,,6.0,Denver Nuggets,Northwest,Western
414.0,2022,,88,115,199,202,34,585.855,39,0.3396744928352578,4.0,,DeAndre Jordan,,,6.0,Denver Nuggets,Northwest,Western
417.0,2022,,39,75,89,47,10,263.4366667,31,0.3378421125459829,7.0,,Terry Taylor,,,32.0,Chicago Bulls,Central,Eastern
418.0,2022,,630,1313,1720,556,415,2652.036667,71,0.6485581520807835,23.0,,Pascal Siakam,,,43.0,Toronto Raptors,Atlantic,Eastern
420.0,2022,,83,195,213,47,74,472.5433333,16,0.450752311989077,12.0,,D'Angelo Russell,,,1.0,Los Angeles Lakers,Pacific,Western
420.0,2022,,445,948,1263,215,437,2304.096667,71,0.548154084891092,12.0,,D'Angelo Russell,,,1.0,Los Angeles Lakers,Pacific,Western
421.0,2022,,278,557,847,420,252,1941.593333,68,0.4362396520445818,26.0,,Kelly Olynyk,,,41.0,Utah Jazz,Northwest,Western
422.0,2022,,72,183,223,68,91,427.195,11,0.5220098549842578,10.0,,James Harden,,,1.0,LA Clippers,Pacific,Western
422.0,2022,,371,842,1216,354,618,2135.005,58,0.5695537012793881,10.0,,James Harden,,,1.0,LA Clippers,Pacific,Western
426.0,2022,,437,1112,1335,280,495,2534.986667,69,0.5266299887801342,8.0,,Fred VanVleet,,,5.0,Houston Rockets,Southwest,Western
427.0,2022,,41,103,118,31,46,416.8116667,16,0.2831014806620814,23.0,,Dennis Schroder,,,17.0,Toronto Raptors,Atlantic,Eastern
427.0,2022,,270,650,830,165,298,1985.945,66,0.4179370526374094,23.0,,Dennis Schroder,,,17.0,Toronto Raptors,Atlantic,Eastern
428.0,2022,,32,70,91,51,10,179.995,5,0.5055695991555321,14.0,,Karl-Anthony Towns,,,32.0,Minnesota Timberwolves,Northwest,Western
428.0,2022,,212,428,602,236,140,957.05,29,0.6290162478449403,14.0,,Karl-Anthony Towns,,,32.0,Minnesota Timberwolves,Northwest,Western
433.0,2022,,145,311,396,67,79,493.1283333,13,0.8030363969354182,6.0,,Stephen Curry,,,30.0,Golden State Warriors,Pacific,Western
433.0,2022,,559,1133,1648,341,352,1941.151667,56,0.8489805449086529,6.0,,Stephen Curry,,,30.0,Golden State Warriors,Pacific,Western
434.0,2022,,421,885,1124,332,131,2385.651667,67,0.4711500909994334,23.0,,O.G. Anunoby,,,3.0,Toronto Raptors,Atlantic,Eastern
435.0,2022,,396,769,1114,491,121,1738.358333,67,0.6408345039411388,12.0,,Christian Wood,,,35.0,Los Angeles Lakers,Pacific,Western
436.0,2022,,10,34,33,8,2,90.94833333,11,0.3628433726241215,11.0,,Malik Beasley,,,5.0,Milwaukee Bucks,Central,Eastern
436.0,2022,,370,937,1025,283,124,2093.085,81,0.4897077758428348,11.0,,Malik Beasley,,,5.0,Milwaukee Bucks,Central,Eastern
437.0,2022,,434,913,1290,283,150,2245.525,63,0.5744759020718986,18.0,,Jerami Grant,,,9.0,Portland Trail Blazers,Northwest,Western
438.0,2022,,70,134,168,80,18,391.6966667,11,0.4289033180072247,21.0,,Tobias Harris,,,12.0,Philadelphia 76ers,Atlantic,Eastern
438.0,2022,,423,845,1085,424,186,2435.878333,74,0.4454245457587064,21.0,,Tobias Harris,,,12.0,Philadelphia 76ers,Atlantic,Eastern
442.0,2022,,261,529,712,421,29,1523.47,76,0.4673541323426126,23.0,,Chris Boucher,,,25.0,Toronto Raptors,Atlantic,Eastern
444.0,2022,,12,33,39,7,4,99.935,5,0.3902536648821734,12.0,,Taurean Prince,,,12.0,Los Angeles Lakers,Pacific,Western
444.0,2022,,177,379,493,132,84,1192.548333,54,0.4134004353180375,12.0,,Taurean Prince,,,12.0,Los Angeles Lakers,Pacific,Western
446.0,2022,,66,153,213,88,24,336.4033333,9,0.6331685180124225,21.0,,Joel Embiid,,,21.0,Philadelphia 76ers,Atlantic,Eastern
446.0,2022,,728,1328,2183,670,274,2284.106667,66,0.9557346999329082,21.0,,Joel Embiid,,,21.0,Philadelphia 76ers,Atlantic,Eastern
449.0,2022,,85,219,241,54,29,467.7966667,13,0.5151810971636408,6.0,,Klay Thompson,,,11.0,Golden State Warriors,Pacific,Western
449.0,2022,,546,1252,1509,286,163,2278.911667,69,0.6621581792094973,6.0,,Klay Thompson,,,11.0,Golden State Warriors,Pacific,Western
450.0,2022,,77,173,222,53,53,467.9016667,32,0.4744586647141344,3.0,,Svi Mykhailiuk,,,50.0,Boston Celtics,Atlantic,Eastern
451.0,2022,,59,112,153,137,31,405.1216667,39,0.3776643230323677,1.0,,Bruno Fernando,,,24.0,Atlanta Hawks,Southeast,Eastern
453.0,2022,,202,382,504,269,36,990.455,42,0.5088570404511058,27.0,,Marvin Bagley III,,,35.0,Detroit Pistons,Central,Eastern
454.0,2022,,18,36,48,4,2,157.2616667,11,0.3052237777154373,5.0,,Georges Niang,,,20.0,Cleveland Cavaliers,Central,Eastern
454.0,2022,,222,502,637,185,77,1511.848333,78,0.4213385602879783,5.0,,Georges Niang,,,20.0,Cleveland Cavaliers,Central,Eastern
457.0,2022,,42,91,113,83,82,366.9533333,12,0.3079410642868249,6.0,,Draymond Green,,,23.0,Golden State Warriors,Pacific,Western
457.0,2022,,250,474,617,525,500,2297.635,73,0.2685369956498747,6.0,,Draymond Green,,,23.0,Golden State Warriors,Pacific,Western
458.0,2022,,405,935,1148,173,106,2117.993333,66,0.5420224804834171,23.0,,Gary Trent Jr.,,,33.0,Toronto Raptors,Atlantic,Eastern
460.0,2022,,14,37,41,21,13,175.355,10,0.233811411137407,16.0,,Josh Okogie,,,2.0,Phoenix Suns,Pacific,Western
460.0,2022,,162,414,529,251,105,1350.59,72,0.3916806728911068,16.0,,Josh Okogie,,,2.0,Phoenix Suns,Pacific,Western
462.0,2022,,0,2,2,1,1,11.26666667,3,0.1775147928468891,21.0,,Furkan Korkmaz,,,30.0,Philadelphia 76ers,Atlantic,Eastern
462.0,2022,,48,111,140,42,22,353.49,37,0.3960508076607542,21.0,,Furkan Korkmaz,,,30.0,Philadelphia 76ers,Atlantic,Eastern
465.0,2022,,15,30,44,19,8,146.3416667,8,0.300666249006169,23.0,,Otto Porter Jr.,,,32.0,Toronto Raptors,Atlantic,Eastern
467.0,2022,,73,201,257,73,26,686.2583333,54,0.3744945416752435,1.0,,Garrison Mathews,,,25.0,Atlanta Hawks,Southeast,Eastern
468.0,2022,,24,60,69,48,12,246.6866667,15,0.2797070507418713,12.0,,Jarred Vanderbilt,,,2.0,Los Angeles Lakers,Pacific,Western
468.0,2022,,247,451,619,582,184,1879.741667,78,0.3293005687254364,12.0,,Jarred Vanderbilt,,,2.0,Los Angeles Lakers,Pacific,Western
470.0,2022,,3,5,8,3,2,20.96,6,0.381679389312977,14.0,,Shake Milton,,,18.0,Minnesota Timberwolves,Northwest,Western
470.0,2022,,241,503,637,191,240,1567.353333,76,0.4064176127923543,14.0,,Shake Milton,,,18.0,Minnesota Timberwolves,Northwest,Western
473.0,2022,,83,181,217,73,25,441.905,13,0.4910557699052964,6.0,,Andrew Wiggins,,,22.0,Golden State Warriors,Pacific,Western
473.0,2022,,250,529,633,186,85,1190.28,37,0.531807641899385,6.0,,Andrew Wiggins,,,22.0,Golden State Warriors,Pacific,Western
474.0,2022,,1,2,3,1,0,4.716666667,1,0.6360424027819052,16.0,,Yuta Watanabe,,,18.0,Phoenix Suns,Pacific,Western
474.0,2022,,114,232,322,141,48,927.7866667,58,0.3470625431008902,16.0,,Yuta Watanabe,,,18.0,Phoenix Suns,Pacific,Western
475.0,2022,,566,1359,1683,284,281,2602.155,76,0.6467716181395804,8.0,,Jalen Green,,,4.0,Houston Rockets,Southwest,Western
476.0,2022,,0,4,0,2,2,14.11,2,0.0,14.0,,Jordan McLaughlin,,,6.0,Minnesota Timberwolves,Northwest,Western
476.0,2022,,61,145,161,62,148,678.49,43,0.2372916328906837,14.0,,Jordan McLaughlin,,,6.0,Minnesota Timberwolves,Northwest,Western
477.0,2022,,307,815,786,221,470,2153.588333,76,0.3649722595335029,27.0,,Killian Hayes,,,7.0,Detroit Pistons,Central,Eastern
481.0,2022,,37,64,84,170,43,325.2983333,13,0.2582245016378016,6.0,,Kevon Looney,,,5.0,Golden State Warriors,Pacific,Western
481.0,2022,,242,384,578,760,207,1957.595,82,0.2952602555686953,6.0,,Kevon Looney,,,5.0,Golden State Warriors,Pacific,Western
483.0,2022,,81,237,226,98,132,914.3833333,57,0.2471611104112848,14.0,,Daishen Nix,,,12.0,Minnesota Timberwolves,Northwest,Western
484.0,2022,,6,26,16,5,3,62.13,5,0.2575245453082246,28.0,,Jaylen Nowell,,,24.0,Memphis Grizzlies,Southwest,Western
484.0,2022,,280,625,704,170,132,1251.695,65,0.5624373349737756,28.0,,Jaylen Nowell,,,24.0,Memphis Grizzlies,Southwest,Western
485.0,2022,,15,40,45,24,6,132.72,6,0.3390596745027124,1.0,,Saddiq Bey,,,41.0,Atlanta Hawks,Southeast,Eastern
485.0,2022,,353,836,1062,362,118,2128.695,77,0.4988972116719398,1.0,,Saddiq Bey,,,41.0,Atlanta Hawks,Southeast,Eastern
486.0,2022,,87,135,199,193,48,507.8716667,35,0.3918312696848068,22.0,,Charles Bassey,,,28.0,San Antonio Spurs,Southwest,Western
489.0,2022,,36,54,82,44,9,191.45,12,0.4283102637764429,6.0,,Gary Payton II,,,0.0,Golden State Warriors,Pacific,Western
489.0,2022,,41,69,101,69,30,367.605,22,0.2747514315637709,6.0,,Gary Payton II,,,0.0,Golden State Warriors,Pacific,Western
490.0,2022,,196,404,508,328,50,1140.52,55,0.4454108652193736,23.0,,Precious Achiuwa,,,5.0,Toronto Raptors,Atlantic,Eastern
491.0,2022,,410,720,1039,452,123,2292.158333,82,0.4532845681040482,21.0,,Kenyon Martin Jr.,,,1.0,Philadelphia 76ers,Atlantic,Eastern
492.0,2022,,310,577,781,333,77,1250.908333,68,0.6243463085156377,14.0,,Naz Reid,,,11.0,Minnesota Timberwolves,Northwest,Western
493.0,2022,,195,441,567,403,70,1414.058333,50,0.400973557291006,27.0,,Isaiah Stewart,,,28.0,Detroit Pistons,Central,Eastern
494.0,2022,,110,253,293,140,53,1200.438333,71,0.2440775106437724,18.0,,Matisse Thybulle,,,4.0,Portland Trail Blazers,Northwest,Western
497.0,2022,,6,20,17,11,5,88.91833333,8,0.1911866694229231,16.0,,Damion Lee,,,10.0,Phoenix Suns,Pacific,Western
497.0,2022,,200,452,604,225,99,1506.295,74,0.4009838710212807,16.0,,Damion Lee,,,10.0,Phoenix Suns,Pacific,Western
498.0,2022,,87,242,246,76,70,690.7883333,53,0.3561148736036419,23.0,,Malachi Flynn,,,22.0,Toronto Raptors,Atlantic,Eastern
500.0,2022,,55,114,158,25,26,198.6316667,5,0.7954421499097253,14.0,,Anthony Edwards,,,5.0,Minnesota Timberwolves,Northwest,Western
500.0,2022,,707,1541,1946,458,350,2841.455,79,0.6848603972260691,14.0,,Anthony Edwards,,,5.0,Minnesota Timberwolves,Northwest,Western
501.0,2022,,49,121,151,45,67,373.53,25,0.4042513318876663,16.0,,Saben Lee,,,38.0,Phoenix Suns,Pacific,Western
507.0,2022,,7,29,21,17,6,70.0,7,0.3,17.0,,Trevelin Queen,,,12.0,Orlando Magic,Southeast,Eastern
508.0,2022,,370,716,953,307,148,2416.488333,79,0.3943739297167962,14.0,,Jaden McDaniels,,,3.0,Minnesota Timberwolves,Northwest,Western
509.0,2022,,1,1,4,1,0,9.1,3,0.4395604395604395,4.0,,Braxton Key,,,11.0,Denver Nuggets,Northwest,Western
510.0,2022,,82,192,226,53,25,423.1183333,11,0.5341295382721247,21.0,,Tyrese Maxey,,,0.0,Philadelphia 76ers,Atlantic,Eastern
510.0,2022,,439,913,1218,176,212,2015.77,60,0.6042356022760533,21.0,,Tyrese Maxey,,,0.0,Philadelphia 76ers,Atlantic,Eastern
515.0,2022,,110,229,283,118,84,677.4883333,31,0.4177193703418125,8.0,,Jae'Sean Tate,,,8.0,Houston Rockets,Southwest,Western
517.0,2022,,63,116,181,63,18,243.42,28,0.7435707830087914,14.0,,Luka Garza,,,55.0,Minnesota Timberwolves,Northwest,Western
518.0,2022,,22,38,51,60,7,156.8816667,11,0.3250857864579277,21.0,,Paul Reed,,,44.0,Philadelphia 76ers,Atlantic,Eastern
518.0,2022,,124,209,287,262,27,755.1633333,69,0.3800502319754247,21.0,,Paul Reed,,,44.0,Philadelphia 76ers,Atlantic,Eastern
521.0,2022,,46,135,134,28,46,284.12,13,0.4716317049134169,25.0,,Jordan Poole,,,13.0,Washington Wizards,Southeast,Eastern
521.0,2022,,550,1278,1675,225,369,2458.093333,82,0.6814224576069017,25.0,,Jordan Poole,,,13.0,Washington Wizards,Southeast,Eastern
522.0,2022,,463,1016,1179,512,371,2677.55,77,0.4403279117103322,23.0,,Scottie Barnes,,,4.0,Toronto Raptors,Atlantic,Eastern
523.0,2022,,153,329,372,71,73,786.215,64,0.4731530179403852,26.0,,Josh Christopher,,,13.0,Utah Jazz,Northwest,Western
525.0,2022,,120,288,346,143,41,1198.736667,52,0.2886372040874595,27.0,,Isaiah Livers,,,12.0,Detroit Pistons,Central,Eastern
526.0,2022,,224,508,691,175,88,1395.346667,73,0.4952174368865998,24.0,,Isaiah Joe,,,11.0,Oklahoma City Thunder,Northwest,Western
530.0,2022,,55,130,142,45,36,278.5433333,31,0.5097950050273201,3.0,,Dalano Banton,,,45.0,Boston Celtics,Atlantic,Eastern
531.0,2022,,442,799,1109,678,291,2170.656667,75,0.5109053020037092,8.0,,Alperen Sengun,,,28.0,Houston Rockets,Southwest,Western
533.0,2022,,93,224,239,74,72,400.1833333,12,0.5972262713420704,27.0,,Cade Cunningham,,,2.0,Detroit Pistons,Central,Eastern
534.0,2022,,4,4,9,0,0,16.91,4,0.5322294500295683,21.0,,Jaden Springer,,,11.0,Philadelphia 76ers,Atlantic,Eastern
534.0,2022,,17,35,42,14,8,89.26666667,16,0.4705003733954256,21.0,,Jaden Springer,,,11.0,Philadelphia 76ers,Atlantic,Eastern
537.0,2022,,189,339,450,267,30,867.1866667,45,0.5189194175602746,27.0,,James Wiseman,,,13.0,Detroit Pistons,Central,Eastern
539.0,2022,,86,177,225,307,64,970.18,75,0.2319157269784988,6.0,,Usman Garuba,,,12.0,Golden State Warriors,Pacific,Western
545.0,2022,,13,24,34,9,5,61.2,10,0.5555555555555556,6.0,,Jonathan Kuminga,,,0.0,Golden State Warriors,Pacific,Western
545.0,2022,,261,497,666,231,125,1394.425,67,0.4776162217401438,6.0,,Jonathan Kuminga,,,0.0,Golden State Warriors,Pacific,Western
553.0,2022,,23,43,70,31,8,161.34,12,0.4338663691582992,6.0,,Moses Moody,,,4.0,Golden State Warriors,Pacific,Western
553.0,2022,,108,227,302,105,51,817.1466667,63,0.369578696587737,6.0,,Moses Moody,,,4.0,Golden State Warriors,Pacific,Western
632.0,2022,,9,22,25,9,5,58.51666667,5,0.4272287097449599,5.0,,Sam Merrill,,,5.0,Cleveland Cavaliers,Central,Eastern
760.0,2022,,15,25,51,21,10,94.93333333,7,0.5372191011424585,4.0,,Jay Huff,,,30.0,Denver Nuggets,Northwest,Western
776.0,2022,,101,228,278,111,28,645.3233333,40,0.4307917994819544,25.0,,Eugene Omoruyi,,,97.0,Washington Wizards,Southeast,Eastern
784.0,2022,,158,353,407,205,168,1105.423333,62,0.3681847377831674,16.0,,Jordan Goodwin,,,0.0,Phoenix Suns,Pacific,Western
800.0,2022,,10,15,24,16,4,52.44,7,0.4576659038901602,26.0,,Micah Potter,,,25.0,Utah Jazz,Northwest,Western
832.0,2022,,15,30,36,31,4,113.6416667,9,0.3167852165969684,24.0,,Olivier Sarr,,,30.0,Oklahoma City Thunder,Northwest,Western
848.0,2022,,2,4,9,4,1,21.23333333,6,0.4238618524998213,25.0,,Mike Muscala,,,35.0,Washington Wizards,Southeast,Eastern
848.0,2022,,131,292,383,203,50,945.09,63,0.405252409823403,25.0,,Mike Muscala,,,35.0,Washington Wizards,Southeast,Eastern
864.0,2022,,704,1381,2135,329,371,2415.985,68,0.8836975395128694,24.0,,Shai Gilgeous-Alexander,,,2.0,Oklahoma City Thunder,Northwest,Western
872.0,2022,,179,346,425,261,105,1205.981667,53,0.3524100006074139,24.0,,Kenrich Williams,,,34.0,Oklahoma City Thunder,Northwest,Western
888.0,2022,,339,873,1013,344,154,2272.356667,74,0.4457926938632296,24.0,,Luguentz Dort,,,5.0,Oklahoma City Thunder,Northwest,Western
904.0,2022,,118,242,309,78,135,815.5783333,45,0.378872252220975,5.0,,Ty Jerome,,,2.0,Cleveland Cavaliers,Central,Eastern
920.0,2022,,102,254,295,123,152,853.6566667,44,0.3455721855255793,29.0,,Theo Maledon,,,9.0,Charlotte Hornets,Southeast,Eastern
928.0,2022,,108,249,276,159,64,701.3483333,34,0.3935277049869906,24.0,,Aleksej Pokusevski,,,17.0,Oklahoma City Thunder,Northwest,Western
952.0,2022,,70,178,214,75,28,530.825,41,0.4031460462487636,24.0,,Lindy Waters III,,,12.0,Oklahoma City Thunder,Northwest,Western
960.0,2022,,110,248,292,180,43,813.7083333,43,0.3588509396429454,0.0,,Jeremiah Robinson-Earl,,,50.0,New Orleans Pelicans,Southwest,Western
968.0,2022,,197,501,517,155,120,1183.388333,67,0.43688110283237,24.0,,Tre Mann,,,23.0,Oklahoma City Thunder,Northwest,Western
976.0,2022,,539,1118,1260,599,469,2367.271667,76,0.5322583029081639,24.0,,Josh Giddey,,,3.0,Oklahoma City Thunder,Northwest,Western
984.0,2022,,186,363,479,211,80,1297.436667,70,0.3691895043382491,24.0,,Aaron Wiggins,,,21.0,Oklahoma City Thunder,Northwest,Western
1008.0,2022,,556,1202,1866,277,425,2106.59,58,0.8857917297623172,11.0,,Damian Lillard,,,0.0,Milwaukee Bucks,Central,Eastern
1024.0,2022,,262,505,694,471,149,1391.415,52,0.4987728319732071,16.0,,Jusuf Nurkic,,,20.0,Phoenix Suns,Pacific,Western
1032.0,2022,,12,23,34,6,10,88.85,5,0.3826674169949353,17.0,,Joe Ingles,,,7.0,Orlando Magic,Southeast,Eastern
1032.0,2022,,108,248,317,128,150,1043.498333,46,0.3037858231058621,17.0,,Joe Ingles,,,7.0,Orlando Magic,Southeast,Eastern
1048.0,2022,,116,216,290,100,124,567.5416667,22,0.5109756992578534,26.0,,Kris Dunn,,,11.0,Utah Jazz,Northwest,Western
1056.0,2022,,45,94,114,81,24,353.1283333,11,0.3228288110859441,15.0,,Josh Hart,,,3.0,New York Knicks,Atlantic,Eastern
1056.0,2022,,275,520,743,593,290,2454.025,76,0.3027679017124927,15.0,,Josh Hart,,,3.0,New York Knicks,Atlantic,Eastern
1064.0,2022,,467,1045,1306,161,253,2170.66,62,0.6016603245095962,18.0,,Anfernee Simons,,,1.0,Portland Trail Blazers,Northwest,Western
1072.0,2022,,214,334,518,418,103,1583.676667,78,0.3270869684411407,16.0,,Drew Eubanks,,,14.0,Phoenix Suns,Pacific,Western
1096.0,2022,,134,303,359,141,50,976.0566667,54,0.3678065139534997,16.0,,Nassir Little,,,25.0,Phoenix Suns,Pacific,Western
1136.0,2022,,11,28,28,19,3,93.09166667,16,0.300778802245071,2.0,,Greg Brown III,,,36.0,Dallas Mavericks,Southwest,Western
1144.0,2022,,67,178,189,44,59,416.36,40,0.4539340954942837,13.0,,Keon Johnson,,,45.0,Brooklyn Nets,Atlantic,Eastern
1152.0,2022,,181,323,459,238,130,1181.608333,62,0.3884535909074365,13.0,,Trendon Watford,,,9.0,Brooklyn Nets,Atlantic,Eastern
1160.0,2022,,39,67,95,32,6,181.595,5,0.5231421569977147,11.0,,Brook Lopez,,,11.0,Milwaukee Bucks,Central,Eastern
1160.0,2022,,477,899,1239,520,99,2372.476667,78,0.5222390665560126,11.0,,Brook Lopez,,,11.0,Milwaukee Bucks,Central,Eastern
1184.0,2022,,34,85,89,33,40,190.7333333,5,0.466620062996613,3.0,,Jrue Holiday,,,4.0,Boston Celtics,Atlantic,Eastern
1184.0,2022,,490,1023,1290,341,495,2182.54,67,0.5910544594829877,3.0,,Jrue Holiday,,,4.0,Boston Celtics,Atlantic,Eastern
1192.0,2022,,4,9,12,3,1,41.26666667,2,0.2907915993303076,1.0,,Wesley Matthews,,,32.0,Atlanta Hawks,Southeast,Eastern
1192.0,2022,,58,160,179,113,34,820.425,52,0.2181796020355303,1.0,,Wesley Matthews,,,32.0,Atlanta Hawks,Southeast,Eastern
1200.0,2022,,40,86,119,32,31,173.045,5,0.68768239475281,11.0,,Khris Middleton,,,22.0,Milwaukee Bucks,Central,Eastern
1200.0,2022,,177,406,497,140,163,800.7733333,33,0.620650038322149,11.0,,Khris Middleton,,,22.0,Milwaukee Bucks,Central,Eastern
1208.0,2022,,28,53,70,33,16,91.44166667,3,0.7655153558456023,11.0,,Giannis Antetokounmpo,,,34.0,Milwaukee Bucks,Central,Eastern
1208.0,2022,,707,1278,1959,742,359,2023.615,63,0.9680695191526056,11.0,,Giannis Antetokounmpo,,,34.0,Milwaukee Bucks,Central,Eastern
1216.0,2022,,0,0,0,0,0,5.2,2,0.0,11.0,,Thanasis Antetokounmpo,,,43.0,Milwaukee Bucks,Central,Eastern
1216.0,2022,,20,46,51,44,15,206.2066667,37,0.2473246904000315,11.0,,Thanasis Antetokounmpo,,,43.0,Milwaukee Bucks,Central,Eastern
1224.0,2022,,20,41,48,41,6,107.2883333,5,0.4473925404897682,11.0,,Bobby Portis,,,9.0,Milwaukee Bucks,Central,Eastern
1224.0,2022,,398,803,987,672,105,1818.431667,70,0.5427754135124176,11.0,,Bobby Portis,,,9.0,Milwaukee Bucks,Central,Eastern
1232.0,2022,,17,30,48,20,7,88.365,4,0.543201493804108,11.0,,Pat Connaughton,,,24.0,Milwaukee Bucks,Central,Eastern
1232.0,2022,,165,421,466,283,77,1442.735,61,0.3229976398992192,11.0,,Pat Connaughton,,,24.0,Milwaukee Bucks,Central,Eastern
1248.0,2022,,19,41,58,12,9,149.3183333,5,0.3884318738240296,16.0,,Grayson Allen,,,8.0,Phoenix Suns,Pacific,Western
1248.0,2022,,245,557,750,237,163,1972.136667,72,0.3802981875190701,16.0,,Grayson Allen,,,8.0,Phoenix Suns,Pacific,Western
1256.0,2022,,2,9,5,4,4,49.29833333,4,0.1014233070828238,7.0,,Jevon Carter,,,5.0,Chicago Bulls,Central,Eastern
1256.0,2022,,239,565,651,202,197,1811.751667,81,0.3593207677727502,7.0,,Jevon Carter,,,5.0,Chicago Bulls,Central,Eastern
1264.0,2022,,18,37,50,7,14,86.65,7,0.5770340450086555,11.0,,Lindell Wigginton,,,28.0,Milwaukee Bucks,Central,Eastern
1272.0,2022,,194,445,542,229,88,1188.085,62,0.4561963159201572,19.0,,Jordan Nwora,,,13.0,Indiana Pacers,Central,Eastern
1288.0,2022,,97,230,263,185,62,659.6533333,43,0.3986942636737829,22.0,,Sandro Mamukelashvili,,,54.0,San Antonio Spurs,Southwest,Western
1768.0,2022,,26,57,69,30,15,160.8133333,7,0.4290688998484928,26.0,,Luka Samanic,,,19.0,Utah Jazz,Northwest,Western
1771.0,2022,,146,333,420,89,65,708.39,48,0.5928937449709906,2.0,,Jaden Hardy,,,1.0,Dallas Mavericks,Southwest,Western
1791.0,2022,,87,208,227,188,134,1042.125,59,0.2178241573707568,0.0,,Dyson Daniels,,,11.0,New Orleans Pelicans,Southwest,Western
1845.0,2022,,2,3,5,1,0,5.2,2,0.9615384615384616,11.0,,MarJon Beauchamp,,,3.0,Milwaukee Bucks,Central,Eastern
1845.0,2022,,96,243,266,115,35,701.3816667,52,0.3792514298976899,11.0,,MarJon Beauchamp,,,3.0,Milwaukee Bucks,Central,Eastern
1869.0,2022,,18,45,44,24,22,158.4266667,15,0.277731021655081,9.0,,Dru Smith,,,9.0,Miami Heat,Southeast,Eastern
1946.0,2022,,22,44,56,21,2,108.2683333,15,0.5172334171325051,2.0,,A.J. Lawson,,,9.0,Dallas Mavericks,Southwest,Western
2051.0,2022,,37,66,98,52,12,240.0466667,18,0.4082539505640217,9.0,,Jamal Cain,,,8.0,Miami Heat,Southeast,Eastern
2052.0,2022,,59,130,165,60,10,320.135,17,0.515407562434598,22.0,,Julian Champagnie,,,30.0,San Antonio Spurs,Southwest,Western
2057.0,2022,,47,107,141,70,16,457.0483333,34,0.3085012890911247,17.0,,Kevon Harris,,,8.0,Orlando Magic,Southeast,Eastern
2059.0,2022,,66,182,193,99,30,812.19,51,0.2376291261896846,17.0,,Caleb Houstan,,,2.0,Orlando Magic,Southeast,Eastern
2061.0,2022,,83,198,216,131,34,619.1633333,56,0.3488578673558866,18.0,,Jabari Walker,,,34.0,Portland Trail Blazers,Northwest,Western
2063.0,2022,,2,5,5,4,1,13.66333333,5,0.3659429129948628,4.0,,Peyton Watson,,,8.0,Denver Nuggets,Northwest,Western
2063.0,2022,,29,59,75,37,11,186.1116667,23,0.4029838716177592,4.0,,Peyton Watson,,,8.0,Denver Nuggets,Northwest,Western
2064.0,2022,,69,215,184,82,98,669.055,37,0.2750147596236483,22.0,,Blake Wesley,,,14.0,San Antonio Spurs,Southwest,Western
2069.0,2022,,414,794,1056,337,248,2275.591667,75,0.4640551357758157,24.0,,Jalen Williams,,,8.0,Oklahoma City Thunder,Northwest,Western
2070.0,2022,,102,234,288,241,76,914.1583333,49,0.3150438928455152,24.0,,Jaylin Williams,,,6.0,Oklahoma City Thunder,Northwest,Western
2072.0,2022,,160,251,387,304,18,827.975,43,0.4674054168302183,29.0,,Mark Williams,,,5.0,Charlotte Hornets,Southeast,Eastern
2077.0,2022,,24,47,59,50,4,195.4966667,22,0.301795426980546,10.0,,Moussa Diabate,,,25.0,LA Clippers,Pacific,Western
2078.0,2022,,76,181,193,105,46,568.71,39,0.3393645267359462,24.0,,Ousmane Dieng,,,13.0,Oklahoma City Thunder,Northwest,Western
2079.0,2022,,258,398,612,595,75,1670.145,67,0.3664352496340138,27.0,,Jalen Duren,,,0.0,Detroit Pistons,Central,Eastern
2083.0,2022,,53,125,154,45,22,344.95,35,0.4464415132627917,11.0,,AJ Green,,,20.0,Milwaukee Bucks,Central,Eastern
2087.0,2022,,12,28,31,20,3,84.24,12,0.3679962013295347,5.0,,Isaiah Mobley,,,15.0,Cleveland Cavaliers,Central,Eastern
2089.0,2022,,0,0,0,0,0,2.066666667,1,0.0,14.0,,Wendell Moore Jr.,,,7.0,Minnesota Timberwolves,Northwest,Western
2089.0,2022,,18,43,42,18,18,152.6583333,29,0.2751241880616025,14.0,,Wendell Moore Jr.,,,7.0,Minnesota Timberwolves,Northwest,Western
2094.0,2022,,80,202,246,93,54,786.9966667,46,0.3125807394223364,29.0,,Bryce McGowens,,,7.0,Charlotte Hornets,Southeast,Eastern
2095.0,2022,,26,58,68,44,5,194.0583333,7,0.350410100116015,20.0,,Keegan Murray,,,13.0,Sacramento Kings,Pacific,Western
2095.0,2022,,354,782,976,371,98,2381.673333,80,0.4097959138546562,20.0,,Keegan Murray,,,13.0,Sacramento Kings,Pacific,Western
2097.0,2022,,0,3,0,3,1,11.48333333,3,0.0,25.0,,Patrick Baldwin,,,7.0,Washington Wizards,Southeast,Eastern
2097.0,2022,,43,109,122,40,11,225.845,31,0.5401934955389759,25.0,,Patrick Baldwin,,,7.0,Washington Wizards,Southeast,Eastern
2102.0,2022,,479,1122,1437,497,269,2429.723333,72,0.591425361267665,17.0,,Paolo Banchero,,,5.0,Orlando Magic,Southeast,Eastern
2103.0,2022,,269,611,673,181,127,1549.596667,66,0.4343065613989217,22.0,,Malaki Branham,,,22.0,San Antonio Spurs,Southwest,Western
2104.0,2022,,24,45,61,39,11,247.035,19,0.246928572874289,4.0,,Christian Braun,,,0.0,Denver Nuggets,Northwest,Western
2104.0,2022,,143,289,360,181,59,1181.14,76,0.3047902873495097,4.0,,Christian Braun,,,0.0,Denver Nuggets,Northwest,Western
2105.0,2022,,46,86,110,102,24,407.565,28,0.2698955994749303,22.0,,Dominick Barlow,,,26.0,San Antonio Spurs,Southwest,Western
2106.0,2022,,2,5,4,1,0,11.6,5,0.3448275862068966,0.0,,Dereon Seabron,,,0.0,New Orleans Pelicans,Southwest,Western
2107.0,2022,,306,648,789,236,94,1778.603333,80,0.4436065003145926,18.0,,Shaedon Sharpe,,,17.0,Portland Trail Blazers,Northwest,Western
2109.0,2022,,364,892,1010,569,101,2450.546667,79,0.4121529345272411,8.0,,Jabari Smith Jr.,,,10.0,Houston Rockets,Southwest,Western
2110.0,2022,,250,552,614,295,142,1457.7,56,0.4212114975646566,22.0,,Jeremy Sochan,,,10.0,San Antonio Spurs,Southwest,Western
2112.0,2022,,3,9,9,7,4,41.13833333,7,0.2187740550353501,9.0,,Cole Swider,,,21.0,Miami Heat,Southeast,Eastern
2113.0,2022,,17,44,45,37,4,197.87,14,0.2274220447768737,27.0,,Jared Rhoden,,,8.0,Detroit Pistons,Central,Eastern
2114.0,2022,,47,89,116,126,25,425.15,31,0.2728448782782547,9.0,,Orlando Robinson,,,25.0,Miami Heat,Southeast,Eastern
2115.0,2022,,8,29,23,17,4,75.62166667,6,0.3041456372598618,28.0,,David Roddy,,,21.0,Memphis Grizzlies,Southwest,Western
2115.0,2022,,180,420,466,193,59,1258.501667,70,0.3702815913711459,28.0,,David Roddy,,,21.0,Memphis Grizzlies,Southwest,Western
2116.0,2022,,7,20,23,12,6,62.07,12,0.37054937973256,25.0,,Ryan Rollins,,,9.0,Washington Wizards,Southeast,Eastern
2120.0,2022,,37,95,105,63,21,414.2866667,35,0.2534476932033014,28.0,,Jake LaRavia,,,3.0,Memphis Grizzlies,Southwest,Western
2122.0,2022,,3,8,7,3,1,11.87166667,4,0.5896391968020106,28.0,,Kenneth Lofton Jr.,,,6.0,Memphis Grizzlies,Southwest,Western
2122.0,2022,,49,93,120,51,20,175.9583333,24,0.6819796354595273,28.0,,Kenneth Lofton Jr.,,,6.0,Memphis Grizzlies,Southwest,Western
2124.0,2022,,1,4,2,5,0,12.59666667,7,0.1587721619055908,9.0,,Nikola Jovic,,,5.0,Miami Heat,Southeast,Eastern
2124.0,2022,,28,69,82,31,10,204.455,15,0.4010662492969112,9.0,,Nikola Jovic,,,5.0,Miami Heat,Southeast,Eastern
2126.0,2022,,165,386,467,121,67,1209.206667,59,0.3862036265137463,26.0,,Ochai Agbaji,,,30.0,Utah Jazz,Northwest,Western
2129.0,2022,,298,414,679,620,69,1703.206667,74,0.3986597828412563,26.0,,Walker Kessler,,,24.0,Utah Jazz,Northwest,Western
2130.0,2022,,72,150,182,171,31,801.7933333,58,0.2269911614891198,23.0,,Christian Koloko,,,35.0,Toronto Raptors,Atlantic,Eastern
2132.0,2022,,32,72,85,37,22,213.945,38,0.3972983710766786,7.0,,Dalen Terry,,,25.0,Chicago Bulls,Central,Eastern
2133.0,2022,,115,312,328,86,42,765.8116667,52,0.4283037387160766,26.0,,Simone Fontecchio,,,16.0,Utah Jazz,Northwest,Western
2136.0,2022,,284,644,709,199,341,2073.531667,75,0.3419287061218535,19.0,,Andrew Nembhard,,,2.0,Indiana Pacers,Central,Eastern
2137.0,2022,,296,660,760,496,88,1767.22,82,0.4300539830920881,8.0,,Tari Eason,,,17.0,Houston Rockets,Southwest,Western
2138.0,2022,,7,16,24,8,6,70.86333333,16,0.3386800884490653,20.0,,Keon Ellis,,,23.0,Sacramento Kings,Pacific,Western
2142.0,2022,,409,983,1204,288,387,2304.316667,74,0.5224976311816956,27.0,,Jaden Ivey,,,23.0,Detroit Pistons,Central,Eastern
2143.0,2022,,2,5,10,3,2,18.11666667,4,0.5519779207816048,6.0,,Lester Quinones,,,25.0,Golden State Warriors,Pacific,Western
2144.0,2022,,35,104,87,39,8,232.25,18,0.3745963401506997,26.0,,Johnny Juzang,,,33.0,Utah Jazz,Northwest,Western
2146.0,2022,,413,951,1302,318,116,2222.38,78,0.5858584040533121,19.0,,Bennedict Mathurin,,,0.0,Indiana Pacers,Central,Eastern
2147.0,2022,,66,171,163,65,28,422.575,28,0.3857303437259658,25.0,,Johnny Davis,,,1.0,Washington Wizards,Southeast,Eastern
2148.0,2022,,248,533,639,153,73,1401.435,72,0.4559612111871046,1.0,,AJ Griffin,,,14.0,Atlanta Hawks,Southeast,Eastern
2149.0,2022,,58,160,145,45,47,432.7133333,31,0.3350948280104684,11.0,,"TyTy Washington, Jr.",,,23.0,Milwaukee Bucks,Central,Eastern
2150.0,2022,,5,10,13,7,3,33.07333333,9,0.3930659141698313,12.0,,Max Christie,,,10.0,Los Angeles Lakers,Pacific,Western
2150.0,2022,,44,106,128,75,21,512.425,41,0.2497926525833049,12.0,,Max Christie,,,10.0,Los Angeles Lakers,Pacific,Western
2151.0,2022,,8,19,19,9,11,65.70666667,12,0.2891639610242916,3.0,,JD Davison,,,20.0,Boston Celtics,Atlantic,Eastern
2152.0,2022,,0,1,0,0,0,6.316666667,1,0.0,14.0,,Josh Minott,,,8.0,Minnesota Timberwolves,Northwest,Western
2152.0,2022,,18,36,46,25,5,96.22333333,15,0.4780545259458224,14.0,,Josh Minott,,,8.0,Minnesota Timberwolves,Northwest,Western
2154.0,2022,,12,40,30,15,4,104.59,15,0.2868343053829238,28.0,,Vince Williams Jr.,,,5.0,Memphis Grizzlies,Southwest,Western
2258.0,2022,,1,3,3,4,7,40.78333333,1,0.073559460569968,28.0,,Jacob Gilyard,,,0.0,Memphis Grizzlies,Southwest,Western
2263.0,2022,,4,7,9,6,3,40.295,6,0.2233527732969351,19.0,,Kendall Brown,,,10.0,Indiana Pacers,Central,Eastern
2275.0,2022,,0,1,2,0,0,2.116666667,1,0.9448818896149792,27.0,,Stanley Umude,,,17.0,Detroit Pistons,Central,Eastern
2303.0,2022,,24,39,53,15,10,126.5666667,5,0.4187516459260596,8.0,,Jeenathan Williams,,,19.0,Houston Rockets,Southwest,Western
2427.0,2022,,7,23,17,15,4,88.85,4,0.1913337084974676,18.0,,Justin Minaya,,,24.0,Portland Trail Blazers,Northwest,Western
2429.0,2022,,0,0,0,0,0,4.588333333,2,0.0,15.0,,DaQuan Jeffries,,,,New York Knicks,Atlantic,Eastern
