player_id,team_id,league_id,full_name,position_simple,status,jersey_number
2,12.0,NBA,LeBron James,W,active,23
3,11.0,NBA,Robin Lopez,B,active,42
4,21.0,NBA,Nicolas Batum,W,active,40
5,28.0,NBA,Derrick Rose,G,active,23
7,8.0,NBA,Jeff Green,B,active,32
9,24.0,NBA,Davis Bertans,B,active,9
11,,,Terrence Ross,W,inactive,8
12,10.0,NBA,Paul George,W,active,13
13,,,Taj Gibson,B,inactive,67
17,8.0,NBA,Reggie Bullock,W,active,25
19,17.0,NBA,Gary Harris,W,active,14
20,21.0,NBA,Marcus Morris Sr.,W,active,5
21,,,Kemba Walker,G,active,
22,,,Gorgui Dieng,B,inactive,41
23,,,Austin Rivers,G,inactive,25
25,2.0,NBA,Tim Hardaway Jr.,W,active,10
27,17.0,NBA,Markelle Fultz,G,active,20
28,10.0,NBA,Kawhi Leonard,W,active,2
29,27.0,NBA,Alec Burks,G,active,14
30,1.0,NBA,Clint Capela,B,active,15
31,,,Will Barton,W,inactive,1
34,10.0,NBA,Russell Westbrook,G,active,0
35,17.0,NBA,Jonathan Isaac,W,active,1
36,4.0,NBA,Reggie Jackson,G,active,7
37,15.0,NBA,Evan Fournier,W,active,13
38,1.0,NBA,Bogdan Bogdanovic,W,active,13
39,,,JaMychal Green,B,inactive,1
41,13.0,NBA,Spencer Dinwiddie,G,active,26
43,21.0,NBA,Mo Bamba,B,active,7
44,21.0,NBA,Robert Covington,W,active,33
45,,,Nerlens Noel,B,inactive,0
46,25.0,NBA,Delon Wright,G,active,55
47,4.0,NBA,Aaron Gordon,W,active,50
48,0.0,NBA,Cody Zeller,B,active,40
49,2.0,NBA,Dwight Powell,B,active,7
51,17.0,NBA,Wendell Carter Jr.,B,active,34
53,15.0,NBA,Julius Randle,B,active,30
55,4.0,NBA,Nikola Jokic,B,active,15
57,8.0,NBA,Boban Marjanovic,B,active,51
59,17.0,NBA,Moritz Wagner,B,active,21
60,10.0,NBA,Norman Powell,W,active,24
61,15.0,NBA,Ryan Arcidiacono,G,active,51
62,26.0,NBA,John Collins,B,active,20
63,4.0,NBA,Jamal Murray,G,active,27
66,12.0,NBA,Anthony Davis,B,active,3
67,16.0,NBA,Bol Bol,B,active,11
68,10.0,NBA,Ivica Zubac,B,active,40
69,15.0,NBA,Mitchell Robinson,B,active,23
70,20.0,NBA,Kevin Huerter,W,active,9
71,,,Bryn Forbes,W,inactive,
73,13.0,NBA,Dorian Finney-Smith,W,active,28
75,17.0,NBA,Chuma Okeke,W,active,3
76,28.0,NBA,Luke Kennard,W,active,10
77,15.0,NBA,RJ Barrett,W,active,9
78,27.0,NBA,Kevin Knox II,W,active,24
79,27.0,NBA,Monte Morris,G,active,5
81,29.0,NBA,Frank Ntilikina,G,active,44
82,,,Stanley Johnson,W,active,
84,15.0,NBA,Isaiah Hartenstein,B,active,55
85,12.0,NBA,Cam Reddish,W,active,5
86,1.0,NBA,Trae Young,G,active,11
87,4.0,NBA,Vlatko Cancar,W,active,31
89,,,Sterling Brown,W,active,0
90,20.0,NBA,Malik Monk,W,active,0
91,17.0,NBA,Admiral Schofield,W,active,25
92,10.0,NBA,Amir Coffey,W,active,7
93,15.0,NBA,Quentin Grimes,W,active,6
94,1.0,NBA,De'Andre Hunter,W,active,12
95,,,Davon Reed,W,active,1
97,2.0,NBA,Maxi Kleber,B,active,42
98,,,Wenyen Gabriel,B,active,32
100,10.0,NBA,Terance Mann,W,active,14
101,19.0,NBA,Obi Toppin,B,active,1
102,1.0,NBA,Onyeka Okongwu,B,active,17
103,4.0,NBA,Michael Porter Jr.,W,active,1
105,15.0,NBA,Jalen Brunson,G,active,11
106,,,Kendrick Nunn,G,active,
107,17.0,NBA,Cole Anthony,G,active,50
108,10.0,NBA,Xavier Moon,G,active,15
109,15.0,NBA,Immanuel Quickley,G,active,5
110,18.0,NBA,Skylar Mays,G,active,5
111,4.0,NBA,Zeke Nnaji,B,active,22
113,2.0,NBA,Luka Doncic,G,active,77
114,26.0,NBA,Talen Horton-Tucker,W,active,5
115,9.0,NBA,R.J. Hampton,G,active,4
116,,,Jay Scrubb,W,inactive,55
117,15.0,NBA,Miles McBride,G,active,2
121,,,Theo Pinson,W,active,11
123,17.0,NBA,Franz Wagner,W,active,22
124,10.0,NBA,Brandon Boston Jr.,W,active,4
125,15.0,NBA,Jericho Sims,B,active,45
126,1.0,NBA,Jalen Johnson,B,active,1
127,,,Facundo Campazzo,G,active,7
129,2.0,NBA,Josh Green,W,active,8
130,12.0,NBA,Austin Reaves,G,active,15
131,17.0,NBA,Jalen Suggs,G,active,4
132,,,Jason Preston,G,active,7
134,6.0,NBA,Chris Paul,G,active,3
135,10.0,NBA,Bones Hyland,G,active,5
138,,,Rudy Gay,B,inactive,33
139,29.0,NBA,Gordon Hayward,W,active,20
140,,,Udonis Haslem,B,inactive,40
141,7.0,NBA,DeMar DeRozan,W,active,11
142,20.0,NBA,JaVale McGee,B,active,0
143,3.0,NBA,Al Horford,B,active,42
145,23.0,NBA,Garrett Temple,W,active,14
146,14.0,NBA,Mike Conley,G,active,10
148,9.0,NBA,Kyle Lowry,G,active,7
150,28.0,NBA,Bismack Biyombo,B,active,18
153,0.0,NBA,Jonas Valanciunas,B,active,17
155,10.0,NBA,Mason Plumlee,B,active,44
156,10.0,NBA,P.J. Tucker,W,active,17
157,7.0,NBA,Nikola Vucevic,B,active,9
158,11.0,NBA,Jae Crowder,W,active,99
159,28.0,NBA,Marcus Smart,G,active,36
161,0.0,NBA,CJ McCollum,W,active,3
162,27.0,NBA,Bojan Bogdanovic,W,active,44
163,,,Montrezl Harrell,B,inactive,5
164,2.0,NBA,Markieff Morris,B,active,88
165,7.0,NBA,Zach LaVine,W,active,8
167,3.0,NBA,Jaylen Brown,W,active,7
170,14.0,NBA,Rudy Gobert,B,active,27
171,21.0,NBA,Kelly Oubre Jr.,W,active,9
172,9.0,NBA,Jimmy Butler,W,active,22
173,2.0,NBA,Derrick Jones Jr.,W,active,55
174,6.0,NBA,Dario Saric,B,active,20
175,3.0,NBA,Jayson Tatum,W,active,0
177,,,Willy Hernangomez,B,active,
178,26.0,NBA,Jordan Clarkson,W,active,0
179,29.0,NBA,Terry Rozier,G,active,3
180,,,Dewayne Dedmon,B,active,34
181,7.0,NBA,Alex Caruso,G,active,6
182,,,Frank Kaminsky,B,active,
183,3.0,NBA,Derrick White,G,active,9
185,0.0,NBA,Larry Nance Jr.,B,active,22
186,13.0,NBA,Royce O'Neale,W,active,0
188,8.0,NBA,Victor Oladipo,W,active,3
190,16.0,NBA,Devin Booker,W,active,1
191,3.0,NBA,Luke Kornet,B,active,40
193,0.0,NBA,Brandon Ingram,W,active,14
194,,,Juancho Hernangomez,W,active,41
195,29.0,NBA,Cody Martin,G,active,11
196,9.0,NBA,Bam Adebayo,B,active,13
197,,,Tony Bradley,B,active,5
198,11.0,NBA,Cameron Payne,G,active,15
199,10.0,NBA,Daniel Theis,B,active,10
201,22.0,NBA,Devonte' Graham,G,active,4
202,21.0,NBA,Danuel House Jr.,W,active,25
203,29.0,NBA,P.J. Washington,B,active,25
205,14.0,NBA,Troy Brown Jr.,W,active,23
206,7.0,NBA,Torrey Craig,W,active,13
207,18.0,NBA,Robert Williams III,B,active,35
208,,NBA,Shaquille Harrison,G,inactive,
210,5.0,NBA,Donovan Mitchell,G,active,45
212,9.0,NBA,Caleb Martin,W,active,16
214,13.0,NBA,Mikal Bridges,W,active,1
215,2.0,NBA,Grant Williams,B,active,3
218,16.0,NBA,Udoka Azubuike,B,active,27
219,23.0,NBA,Jalen McDaniels,W,active,2
220,9.0,NBA,Duncan Robinson,W,active,55
221,7.0,NBA,Coby White,G,active,0
222,8.0,NBA,Aaron Holiday,G,active,0
223,19.0,NBA,Aaron Nesmith,W,active,23
225,0.0,NBA,Zion Williamson,B,active,1
226,14.0,NBA,Nickeil Alexander-Walker,W,active,9
227,29.0,NBA,LaMelo Ball,G,active,1
228,12.0,NBA,Gabe Vincent,W,active,7
230,25.0,NBA,Landry Shamet,G,active,20
231,3.0,NBA,Payton Pritchard,G,active,11
232,13.0,NBA,Dennis Smith Jr.,G,active,4
233,12.0,NBA,Jaxson Hayes,B,active,11
235,29.0,NBA,Nick Richards,B,active,4
236,9.0,NBA,Haywood Highsmith,W,active,24
237,,,Javonte Green,W,active,55
238,18.0,NBA,Deandre Ayton,B,active,2
240,,,Justin Jackson,W,active,44
241,0.0,NBA,Kira Lewis Jr.,G,active,13
242,25.0,NBA,Jared Butler,G,active,4
243,,,Kai Jones,B,inactive,23
244,5.0,NBA,Max Strus,W,active,1
245,7.0,NBA,Patrick Williams,W,active,44
246,13.0,NBA,Cameron Johnson,W,active,2
249,0.0,NBA,Naji Marshall,W,active,8
250,1.0,NBA,Trent Forrest,G,active,2
251,29.0,NBA,James Bouknight,W,active,2
252,9.0,NBA,Tyler Herro,W,active,14
253,7.0,NBA,Ayo Dosunmu,G,active,12
254,18.0,NBA,Ish Wainright,B,active,23
255,0.0,NBA,Matt Ryan,W,active,37
257,0.0,NBA,Herbert Jones,W,active,5
258,,,Xavier Sneed,W,active,
259,29.0,NBA,JT Thor,B,active,21
260,26.0,NBA,Omer Yurtseven,B,active,77
261,,,Marko Simonovic,B,active,
263,3.0,NBA,Sam Hauser,W,active,30
265,0.0,NBA,Trey Murphy III,W,active,25
266,29.0,NBA,Ish Smith,G,active,14
269,,,Malcolm Hill,W,active,33
271,20.0,NBA,Harrison Barnes,W,active,40
272,,,P.J. Dozier,G,active,
273,0.0,NBA,Jose Alvarado,G,active,15
274,16.0,NBA,Bradley Beal,W,active,3
275,22.0,NBA,Doug McDermott,W,active,17
276,28.0,NBA,Steven Adams,B,active,4
278,9.0,NBA,Kevin Love,B,active,42
281,5.0,NBA,Ricky Rubio,G,active,13
283,9.0,NBA,Josh Richardson,W,active,0
284,14.0,NBA,Kyle Anderson,W,active,1
285,16.0,NBA,Kevin Durant,W,active,35
290,4.0,NBA,Kentavious Caldwell-Pope,W,active,5
291,1.0,NBA,Dejounte Murray,G,active,5
292,25.0,NBA,Tyus Jones,G,active,5
293,,,Goran Dragic,G,inactive,31
294,22.0,NBA,Cedi Osman,W,active,16
295,4.0,NBA,Justin Holiday,W,active,9
297,,,T.J. Warren,W,inactive,21
298,,,Raul Neto,G,active,
299,23.0,NBA,Jakob Poeltl,B,active,19
300,8.0,NBA,Dillon Brooks,W,active,9
301,,,Blake Griffin,B,inactive,91
302,5.0,NBA,Caris LeVert,W,active,3
303,20.0,NBA,Alex Len,B,active,25
305,19.0,NBA,T.J. McConnell,G,active,9
306,3.0,NBA,Kristaps Porzingis,B,active,8
307,22.0,NBA,Zach Collins,B,active,23
308,28.0,NBA,Jaren Jackson Jr.,B,active,13
309,,,James Johnson,B,inactive,16
310,26.0,NBA,Lauri Markkanen,B,active,23
311,2.0,NBA,Richaun Holmes,B,active,20
313,19.0,NBA,Myles Turner,B,active,33
314,25.0,NBA,Kyle Kuzma,W,active,33
315,16.0,NBA,Keita Bates-Diop,B,active,21
316,21.0,NBA,De'Anthony Melton,G,active,8
317,1.0,NBA,Patty Mills,G,active,8
318,5.0,NBA,Jarrett Allen,B,active,31
319,20.0,NBA,Trey Lyles,B,active,41
322,9.0,NBA,Thomas Bryant,B,active,31
323,13.0,NBA,Lonnie Walker IV,W,active,8
324,28.0,NBA,Ja Morant,G,active,12
325,2.0,NBA,Kyrie Irving,G,active,11
326,26.0,NBA,Collin Sexton,G,active,2
327,20.0,NBA,Domantas Sabonis,B,active,10
329,19.0,NBA,Buddy Hield,W,active,7
330,12.0,NBA,Rui Hachimura,B,active,28
331,8.0,NBA,Jock Landale,B,active,2
332,,,Jarrett Culver,W,active,8
333,7.0,NBA,Andre Drummond,B,active,3
335,5.0,NBA,Damian Jones,B,active,30
337,18.0,NBA,Malcolm Brogdon,G,active,11
338,25.0,NBA,Daniel Gafford,B,active,21
339,22.0,NBA,Keldon Johnson,W,active,3
340,28.0,NBA,Brandon Clarke,B,active,15
341,2.0,NBA,Seth Curry,W,active,30
342,5.0,NBA,Darius Garland,G,active,10
344,,,Alize Johnson,B,inactive,24
345,,,Gabe York,G,inactive,32
346,25.0,NBA,Deni Avdija,W,active,8
347,,,Romeo Langford,W,active,1
349,27.0,NBA,Joe Harris,W,active,31
350,18.0,NBA,Moses Brown,B,active,10
351,20.0,NBA,De'Aaron Fox,G,active,5
353,17.0,NBA,Goga Bitadze,B,active,35
354,,,"Vernon Carey, Jr.",B,active,
356,28.0,NBA,John Konchar,W,active,46
357,13.0,NBA,Ben Simmons,W,active,10
358,15.0,NBA,Dylan Windler,W,active,20
359,15.0,NBA,Donte DiVincenzo,W,active,0
361,3.0,NBA,Oshae Brissett,W,active,12
363,22.0,NBA,Devin Vassell,W,active,24
365,19.0,NBA,Bruce Brown,W,active,11
366,5.0,NBA,Dean Wade,B,active,32
367,16.0,NBA,Chimezie Metu,B,active,4
369,19.0,NBA,Tyrese Haliburton,G,active,0
370,,,Isaiah Todd,B,active,14
371,22.0,NBA,Tre Jones,G,active,33
372,28.0,NBA,Xavier Tillman,B,active,2
373,13.0,NBA,Nic Claxton,B,active,33
374,5.0,NBA,Isaac Okoro,W,active,35
375,,,Terence Davis,W,inactive,3
377,19.0,NBA,Jalen Smith,B,active,25
378,25.0,NBA,Anthony Gill,B,active,16
380,28.0,NBA,Desmond Bane,W,active,22
381,13.0,NBA,Day'Ron Sharpe,B,active,20
382,3.0,NBA,Lamar Stevens,W,active,77
383,3.0,NBA,Neemias Queta,B,active,88
386,25.0,NBA,Corey Kispert,W,active,24
387,10.0,NBA,Joshua Primo,W,active,12
388,28.0,NBA,Ziaire Williams,W,active,8
389,20.0,NBA,Kessler Edwards,W,active,17
390,5.0,NBA,Evan Mobley,B,active,4
391,20.0,NBA,Davion Mitchell,G,active,15
393,20.0,NBA,Chris Duarte,W,active,3
394,,,Jordan Schakel,W,active,8
395,,,Joe Wieskamp,W,active,10
397,13.0,NBA,Cam Thomas,W,active,24
401,19.0,NBA,Isaiah Jackson,B,active,22
402,23.0,NBA,Thaddeus Young,B,active,21
404,28.0,NBA,Santi Aldama,B,active,7
405,,,David Duke,W,active,1
409,,,Duane Washington Jr.,G,inactive,
410,,,Khem Birch,B,inactive,24
411,16.0,NBA,Eric Gordon,W,active,23
412,21.0,NBA,Patrick Beverley,G,active,22
413,6.0,NBA,Cory Joseph,G,active,1
414,4.0,NBA,DeAndre Jordan,B,active,6
417,7.0,NBA,Terry Taylor,W,active,32
418,23.0,NBA,Pascal Siakam,B,active,43
419,,,John Wall,G,inactive,
420,12.0,NBA,D'Angelo Russell,G,active,1
421,26.0,NBA,Kelly Olynyk,B,active,41
422,10.0,NBA,James Harden,G,active,1
425,,,Andre Iguodala,W,inactive,9
426,8.0,NBA,Fred VanVleet,G,active,5
427,23.0,NBA,Dennis Schroder,G,active,17
428,14.0,NBA,Karl-Anthony Towns,B,active,32
429,,,Rodney McGruder,W,inactive,19
430,,NBA,Danny Green,W,inactive,
432,,,Mamadi Diakite,B,active,21
433,6.0,NBA,Stephen Curry,G,active,30
434,23.0,NBA,O.G. Anunoby,W,active,3
435,12.0,NBA,Christian Wood,B,active,35
436,11.0,NBA,Malik Beasley,W,active,5
437,18.0,NBA,Jerami Grant,B,active,9
438,21.0,NBA,Tobias Harris,W,active,12
442,23.0,NBA,Chris Boucher,B,active,25
444,12.0,NBA,Taurean Prince,W,active,12
445,,,Frank Jackson,G,inactive,3
446,21.0,NBA,Joel Embiid,B,active,21
449,6.0,NBA,Klay Thompson,W,active,11
450,3.0,NBA,Svi Mykhailiuk,W,active,50
451,1.0,NBA,Bruno Fernando,B,active,24
453,27.0,NBA,Marvin Bagley III,B,active,35
454,5.0,NBA,Georges Niang,B,active,20
457,6.0,NBA,Draymond Green,B,active,23
458,23.0,NBA,Gary Trent Jr.,W,active,33
459,,,Kevin Porter Jr.,W,inactive,3
460,16.0,NBA,Josh Okogie,W,active,2
461,,,Hamidou Diallo,W,active,6
462,21.0,NBA,Furkan Korkmaz,W,active,30
465,23.0,NBA,Otto Porter Jr.,W,active,32
467,1.0,NBA,Garrison Mathews,W,active,25
468,12.0,NBA,Jarred Vanderbilt,B,active,2
470,14.0,NBA,Shake Milton,G,active,18
472,,,KZ Okpala,W,inactive,
473,6.0,NBA,Andrew Wiggins,W,active,22
474,16.0,NBA,Yuta Watanabe,W,active,18
475,8.0,NBA,Jalen Green,W,active,4
476,14.0,NBA,Jordan McLaughlin,G,active,6
477,27.0,NBA,Killian Hayes,G,active,7
480,,,Devon Dotson,G,active,15
481,6.0,NBA,Kevon Looney,B,active,5
483,14.0,NBA,Daishen Nix,G,active,12
484,28.0,NBA,Jaylen Nowell,W,active,24
485,1.0,NBA,Saddiq Bey,W,active,41
486,22.0,NBA,Charles Bassey,B,active,28
489,6.0,NBA,Gary Payton II,G,active,0
490,23.0,NBA,Precious Achiuwa,B,active,5
491,21.0,NBA,Kenyon Martin Jr.,B,active,1
492,14.0,NBA,Naz Reid,B,active,11
493,27.0,NBA,Isaiah Stewart,B,active,28
494,18.0,NBA,Matisse Thybulle,W,active,4
496,,,Louis King,W,active,7
497,16.0,NBA,Damion Lee,W,active,10
498,23.0,NBA,Malachi Flynn,G,active,22
499,,,Anthony Lamb,W,active,
500,14.0,NBA,Anthony Edwards,W,active,5
501,16.0,NBA,Saben Lee,G,active,38
507,17.0,NBA,Trevelin Queen,W,active,12
508,14.0,NBA,Jaden McDaniels,W,active,3
509,4.0,NBA,Braxton Key,B,active,11
510,21.0,NBA,Tyrese Maxey,G,active,0
513,,,Juan Toscano-Anderson,W,active,95
514,,,Justin Champagnie,W,active,11
515,8.0,NBA,Jae'Sean Tate,W,active,8
516,,,Leandro Bolmaro,W,active,10
517,14.0,NBA,Luka Garza,B,active,55
518,21.0,NBA,Paul Reed,B,active,44
521,25.0,NBA,Jordan Poole,W,active,13
522,23.0,NBA,Scottie Barnes,W,active,4
523,26.0,NBA,Josh Christopher,W,active,13
524,,,Nathan Knight,B,inactive,
525,27.0,NBA,Isaiah Livers,W,active,12
526,24.0,NBA,Isaiah Joe,W,active,11
530,3.0,NBA,Dalano Banton,G,active,45
531,8.0,NBA,Alperen Sengun,B,active,28
532,,,McKinley Wright IV,G,active,
533,27.0,NBA,Cade Cunningham,G,active,2
534,21.0,NBA,Jaden Springer,W,active,11
536,,,Chris Silva,B,active,30
537,27.0,NBA,James Wiseman,B,active,13
539,6.0,NBA,Usman Garuba,B,active,12
545,6.0,NBA,Jonathan Kuminga,W,active,0
553,6.0,NBA,Moses Moody,W,active,4
632,5.0,NBA,Sam Merrill,W,active,5
672,,,Jeff Dowtin Jr.,G,active,21
744,,,Carlik Jones,G,inactive,22
760,4.0,NBA,Jay Huff,B,active,30
768,,,Mac McClung,G,active,0
776,25.0,NBA,Eugene Omoruyi,B,active,97
784,16.0,NBA,Jordan Goodwin,G,active,0
800,26.0,NBA,Micah Potter,B,active,25
832,24.0,NBA,Olivier Sarr,B,active,30
848,25.0,NBA,Mike Muscala,B,active,35
864,24.0,NBA,Shai Gilgeous-Alexander,G,active,2
872,24.0,NBA,Kenrich Williams,W,active,34
880,,,Darius Bazley,B,active,13
888,24.0,NBA,Luguentz Dort,W,active,5
904,5.0,NBA,Ty Jerome,G,active,2
912,,,Isaiah Roby,B,active,7
920,29.0,NBA,Theo Maledon,G,active,9
928,24.0,NBA,Aleksej Pokusevski,W,active,17
936,,,Vit Krejci,W,active,17
952,24.0,NBA,Lindy Waters III,W,active,12
960,0.0,NBA,Jeremiah Robinson-Earl,B,active,50
968,24.0,NBA,Tre Mann,G,active,23
976,24.0,NBA,Josh Giddey,G,active,3
984,24.0,NBA,Aaron Wiggins,W,active,21
1008,11.0,NBA,Damian Lillard,G,active,0
1024,16.0,NBA,Jusuf Nurkic,B,active,20
1032,17.0,NBA,Joe Ingles,W,active,7
1040,,,Justise Winslow,W,active,11
1048,26.0,NBA,Kris Dunn,G,active,11
1056,15.0,NBA,Josh Hart,W,active,3
1064,18.0,NBA,Anfernee Simons,G,active,1
1072,16.0,NBA,Drew Eubanks,B,active,14
1096,16.0,NBA,Nassir Little,W,active,25
1136,2.0,NBA,Greg Brown III,W,active,36
1144,13.0,NBA,Keon Johnson,G,active,45
1152,13.0,NBA,Trendon Watford,W,active,9
1160,11.0,NBA,Brook Lopez,B,active,11
1168,,,Serge Ibaka,B,active,14
1176,,,George Hill,G,inactive,7
1184,3.0,NBA,Jrue Holiday,G,active,4
1192,1.0,NBA,Wesley Matthews,W,active,32
1200,11.0,NBA,Khris Middleton,W,active,22
1208,11.0,NBA,Giannis Antetokounmpo,B,active,34
1216,11.0,NBA,Thanasis Antetokounmpo,W,active,43
1224,11.0,NBA,Bobby Portis,B,active,9
1232,11.0,NBA,Pat Connaughton,W,active,24
1248,16.0,NBA,Grayson Allen,W,active,8
1256,7.0,NBA,Jevon Carter,G,active,5
1264,11.0,NBA,Lindell Wigginton,G,active,28
1272,19.0,NBA,Jordan Nwora,W,active,13
1288,22.0,NBA,Sandro Mamukelashvili,B,active,54
1309,,,Kobi Simmons,G,active,2
1314,,,Tyler Dorsey,W,active,
1320,,,Edmond Sumner,G,active,
1332,,,Deonte Burton,W,active,4
1369,,,Michael Carter-Williams,G,active,11
1381,,,Noah Vonleh,B,inactive,
1450,,,Meyers Leonard,B,inactive,3
1622,,,Matt Dellavedova,G,active,8
1768,26.0,NBA,Luka Samanic,B,active,19
1771,2.0,NBA,Jaden Hardy,W,active,1
1791,0.0,NBA,Dyson Daniels,G,active,11
1845,11.0,NBA,MarJon Beauchamp,W,active,3
1869,9.0,NBA,Dru Smith,G,active,9
1876,,,Mfiondu Kabengele,B,active,25
1946,2.0,NBA,A.J. Lawson,W,active,9
2010,,,Jarrell Brantley,W,active,5
2051,9.0,NBA,Jamal Cain,W,active,8
2052,22.0,NBA,Julian Champagnie,W,active,30
2053,,,Kennedy Chandler,G,active,5
2055,,,Jordan Hall,G,active,55
2057,17.0,NBA,Kevon Harris,W,active,8
2059,17.0,NBA,Caleb Houstan,W,active,2
2060,,,Trevor Hudgins,G,active,
2061,18.0,NBA,Jabari Walker,W,active,34
2063,4.0,NBA,Peyton Watson,W,active,8
2064,22.0,NBA,Blake Wesley,G,active,14
2068,,,Alondes Williams,G,active,31
2069,24.0,NBA,Jalen Williams,W,active,8
2070,24.0,NBA,Jaylin Williams,B,active,6
2072,29.0,NBA,Mark Williams,B,active,5
2076,,,Darius Days,B,active,4
2077,10.0,NBA,Moussa Diabate,B,active,25
2078,24.0,NBA,Ousmane Dieng,W,active,13
2079,27.0,NBA,Jalen Duren,B,active,0
2083,11.0,NBA,AJ Green,G,active,20
2086,,,Chima Moneke,W,active,
2087,5.0,NBA,Isaiah Mobley,B,active,15
2089,14.0,NBA,Wendell Moore Jr.,W,active,7
2090,,,Tyrese Martin,W,active,22
2094,29.0,NBA,Bryce McGowens,W,active,7
2095,20.0,NBA,Keegan Murray,W,active,13
2097,25.0,NBA,Patrick Baldwin,B,active,7
2098,,NBA,Jamaree Bouyea,G,inactive,
2101,,,Buddy Boeheim,W,active,35
2102,17.0,NBA,Paolo Banchero,W,active,5
2103,22.0,NBA,Malaki Branham,W,active,22
2104,4.0,NBA,Christian Braun,W,active,0
2105,22.0,NBA,Dominick Barlow,B,active,26
2106,0.0,NBA,Dereon Seabron,W,active,0
2107,18.0,NBA,Shaedon Sharpe,W,active,17
2109,8.0,NBA,Jabari Smith Jr.,B,active,10
2110,22.0,NBA,Jeremy Sochan,W,active,10
2112,9.0,NBA,Cole Swider,B,active,21
2113,27.0,NBA,Jared Rhoden,W,active,8
2114,9.0,NBA,Orlando Robinson,B,active,25
2115,28.0,NBA,David Roddy,W,active,21
2116,25.0,NBA,Ryan Rollins,G,active,9
2120,28.0,NBA,Jake LaRavia,W,active,3
2122,28.0,NBA,Kenneth Lofton Jr.,B,active,6
2123,,,Quenton Jackson,G,active,29
2124,9.0,NBA,Nikola Jovic,W,active,5
2126,26.0,NBA,Ochai Agbaji,W,active,30
2128,,,Trevor Keels,G,active,13
2129,26.0,NBA,Walker Kessler,B,active,24
2130,23.0,NBA,Christian Koloko,B,active,35
2132,7.0,NBA,Dalen Terry,W,active,25
2133,26.0,NBA,Simone Fontecchio,W,active,16
2134,,,"Michael Foster, Jr.",B,active,22
2136,19.0,NBA,Andrew Nembhard,G,active,2
2137,8.0,NBA,Tari Eason,B,active,17
2138,20.0,NBA,Keon Ellis,W,active,23
2142,27.0,NBA,Jaden Ivey,W,active,23
2143,6.0,NBA,Lester Quinones,W,active,25
2144,26.0,NBA,Johnny Juzang,W,active,33
2145,,,Scotty Pippen Jr.,G,active,2
2146,19.0,NBA,Bennedict Mathurin,W,active,0
2147,25.0,NBA,Johnny Davis,W,active,1
2148,1.0,NBA,AJ Griffin,W,active,14
2149,11.0,NBA,"TyTy Washington, Jr.",G,active,23
2150,12.0,NBA,Max Christie,W,active,10
2151,3.0,NBA,JD Davison,G,active,20
2152,14.0,NBA,Josh Minott,W,active,8
2153,,NBA,Ron Harper Jr.,W,inactive,
2154,28.0,NBA,Vince Williams Jr.,W,active,5
2155,,,Jack White,B,active,12
2258,28.0,NBA,Jacob Gilyard,G,active,0
2259,,,John Butler Jr.,B,active,19
2263,19.0,NBA,Kendall Brown,W,active,10
2273,,,Raiquan Gray,B,active,0
2275,27.0,NBA,Stanley Umude,W,active,17
2303,8.0,NBA,Jeenathan Williams,W,active,19
2308,,,Donovan Williams,W,active,8
2324,,,Chance Comanche,B,active,12
2427,18.0,NBA,Justin Minaya,W,active,24
2428,,,Xavier Cooks,W,inactive,12
2429,15.0,NBA,DaQuan Jeffries,W,active,
